	name	price_high	price_low	price_open	time_period_start	time_period_end	volume_traded	trades_count
0	BCH	2500.0	2432.0	2436.01	2017-12-28T00:00:00.0000000Z	2017-12-29T00:00:00.0000000Z	413.643122369	689
1	BCH	2895.0	2298.57	2490.63	2017-12-29T00:00:00.0000000Z	2017-12-30T00:00:00.0000000Z	11900.499230763	15691
2	BCH	2628.91	2120.0	2600.0	2017-12-30T00:00:00.0000000Z	2017-12-31T00:00:00.0000000Z	9515.133242034	11876
3	BCH	2504.0	2189.0	2232.58	2017-12-31T00:00:00.0000000Z	2018-01-01T00:00:00.0000000Z	3199.328528593	5188
4	BCH	2410.0	2250.0	2377.0	2018-01-01T00:00:00.0000000Z	2018-01-02T00:00:00.0000000Z	2772.40178606	2629
5	BCH	2699.0	2300.14	2321.68	2018-01-02T00:00:00.0000000Z	2018-01-03T00:00:00.0000000Z	7043.441371935	9464
6	BCH	2758.98	2490.01	2550.0	2018-01-03T00:00:00.0000000Z	2018-01-04T00:00:00.0000000Z	6521.06629892	8079
7	BCH	2555.01	2310.0	2550.0	2018-01-04T00:00:00.0000000Z	2018-01-05T00:00:00.0000000Z	11483.726514184	11564
8	BCH	2513.97	2295.04	2352.16	2018-01-05T00:00:00.0000000Z	2018-01-06T00:00:00.0000000Z	6036.736152478	7616
9	BCH	2630.0	2320.0	2385.0	2018-01-06T00:00:00.0000000Z	2018-01-07T00:00:00.0000000Z	5686.959397871	7558
10	BCH	2775.0	2495.0	2519.09	2018-01-07T00:00:00.0000000Z	2018-01-08T00:00:00.0000000Z	7429.084655338	8784
11	BCH	2569.0	2200.0	2516.03	2018-01-08T00:00:00.0000000Z	2018-01-09T00:00:00.0000000Z	5099.101138036	7983
12	BCH	2498.0	2310.0	2403.01	2018-01-09T00:00:00.0000000Z	2018-01-10T00:00:00.0000000Z	3187.850923337	5648
13	BCH	2988.0	2280.0	2374.94	2018-01-10T00:00:00.0000000Z	2018-01-11T00:00:00.0000000Z	12549.538832242	18491
14	BCH	2955.0	2330.0	2867.42	2018-01-11T00:00:00.0000000Z	2018-01-12T00:00:00.0000000Z	12534.855983355	15761
15	BCH	2649.99	2336.84	2432.0	2018-01-12T00:00:00.0000000Z	2018-01-13T00:00:00.0000000Z	4474.179851979	7025
16	BCH	2849.0	2555.93	2597.62	2018-01-13T00:00:00.0000000Z	2018-01-14T00:00:00.0000000Z	4829.126702204	6507
17	BCH	2721.0	2450.0	2659.25	2018-01-14T00:00:00.0000000Z	2018-01-15T00:00:00.0000000Z	2828.085725888	5364
18	BCH	2554.27	2342.12	2531.91	2018-01-15T00:00:00.0000000Z	2018-01-16T00:00:00.0000000Z	2946.212640795	5727
19	BCH	2405.67	1528.03	2391.77	2018-01-16T00:00:00.0000000Z	2018-01-17T00:00:00.0000000Z	15224.649948341	22993
20	BCH	1925.47	1339.1	1779.78	2018-01-17T00:00:00.0000000Z	2018-01-18T00:00:00.0000000Z	13550.21210557	20107
21	BCH	1910.94	1672.8	1765.31	2018-01-18T00:00:00.0000000Z	2018-01-19T00:00:00.0000000Z	7767.299453153	12736
22	BCH	1879.96	1700.0	1725.0	2018-01-19T00:00:00.0000000Z	2018-01-20T00:00:00.0000000Z	3542.579073605	6175
23	BCH	2111.32	1756.07	1760.85	2018-01-20T00:00:00.0000000Z	2018-01-21T00:00:00.0000000Z	3506.318397016	5680
24	BCH	2024.93	1700.0	2024.88	2018-01-21T00:00:00.0000000Z	2018-01-22T00:00:00.0000000Z	4324.202873742	7093
25	BCH	1821.31	1505.9	1774.92	2018-01-22T00:00:00.0000000Z	2018-01-23T00:00:00.0000000Z	5583.915866732	8583
26	BCH	1698.15	1481.67	1605.58	2018-01-23T00:00:00.0000000Z	2018-01-24T00:00:00.0000000Z	3411.712244949	5637
27	BCH	1680.0	1559.05	1618.86	2018-01-24T00:00:00.0000000Z	2018-01-25T00:00:00.0000000Z	2188.123878147	4042
28	BCH	1707.98	1597.2	1652.09	2018-01-25T00:00:00.0000000Z	2018-01-26T00:00:00.0000000Z	2224.474449896	4864
29	BCH	1671.58	1475.36	1630.82	2018-01-26T00:00:00.0000000Z	2018-01-27T00:00:00.0000000Z	5624.520229879	6887
30	BCH	1698.26	1557.66	1593.06	2018-01-27T00:00:00.0000000Z	2018-01-28T00:00:00.0000000Z	2089.485335118	3554
31	BCH	1760.0	1630.14	1630.23	2018-01-28T00:00:00.0000000Z	2018-01-29T00:00:00.0000000Z	2654.41964271	4133
32	BCH	1765.89	1616.46	1748.5	2018-01-29T00:00:00.0000000Z	2018-01-30T00:00:00.0000000Z	2007.820742817	3290
33	BCH	1648.61	1435.71	1648.15	2018-01-30T00:00:00.0000000Z	2018-01-31T00:00:00.0000000Z	5660.836058035	7897
34	BCH	1524.2	1370.0	1442.09	2018-01-31T00:00:00.0000000Z	2018-02-01T00:00:00.0000000Z	3177.179483796	5121
35	BCH	1489.98	1172.0	1479.1	2018-02-01T00:00:00.0000000Z	2018-02-02T00:00:00.0000000Z	7816.368565434	10742
36	BCH	1255.7	950.0	1255.68	2018-02-02T00:00:00.0000000Z	2018-02-03T00:00:00.0000000Z	12100.341832128	13381
37	BCH	1320.0	1060.47	1186.06	2018-02-03T00:00:00.0000000Z	2018-02-04T00:00:00.0000000Z	2807.471949857	4613
38	BCH	1287.19	1088.67	1267.19	2018-02-04T00:00:00.0000000Z	2018-02-05T00:00:00.0000000Z	3646.500363822	5493
39	BCH	1174.8	822.87	1151.84	2018-02-05T00:00:00.0000000Z	2018-02-06T00:00:00.0000000Z	11844.269989082	10989
40	BCH	1000.0	760.0	879.81	2018-02-06T00:00:00.0000000Z	2018-02-07T00:00:00.0000000Z	16031.577292064	13382
41	BCH	1048.0	898.08	973.87	2018-02-07T00:00:00.0000000Z	2018-02-08T00:00:00.0000000Z	8887.715686639	8037
42	BCH	1352.0	942.68	948.5	2018-02-08T00:00:00.0000000Z	2018-02-09T00:00:00.0000000Z	17957.241862322	15388
43	BCH	1336.45	1187.47	1277.99	2018-02-09T00:00:00.0000000Z	2018-02-10T00:00:00.0000000Z	8256.735325904	8273
44	BCH	1387.51	1200.0	1302.54	2018-02-10T00:00:00.0000000Z	2018-02-11T00:00:00.0000000Z	5934.319677827	6798
45	BCH	1302.55	1182.3	1237.01	2018-02-11T00:00:00.0000000Z	2018-02-12T00:00:00.0000000Z	5196.530832047	5147
46	BCH	1292.0	1204.36	1204.36	2018-02-12T00:00:00.0000000Z	2018-02-13T00:00:00.0000000Z	2780.292056387	3072
47	BCH	1285.89	1195.0	1283.0	2018-02-13T00:00:00.0000000Z	2018-02-14T00:00:00.0000000Z	2761.11097588	2927
48	BCH	1385.0	1217.89	1220.64	2018-02-14T00:00:00.0000000Z	2018-02-15T00:00:00.0000000Z	4917.575288537	5245
49	BCH	1396.28	1310.0	1357.18	2018-02-15T00:00:00.0000000Z	2018-02-16T00:00:00.0000000Z	4508.831145586	5241
50	BCH	1550.0	1351.65	1357.04	2018-02-16T00:00:00.0000000Z	2018-02-17T00:00:00.0000000Z	7140.305191139	7497
51	BCH	1555.77	1495.0	1533.0	2018-02-17T00:00:00.0000000Z	2018-02-18T00:00:00.0000000Z	3177.578218729	3603
52	BCH	1640.0	1400.0	1546.02	2018-02-18T00:00:00.0000000Z	2018-02-19T00:00:00.0000000Z	5864.531150816	7398
53	BCH	1545.2	1405.0	1451.12	2018-02-19T00:00:00.0000000Z	2018-02-20T00:00:00.0000000Z	2319.41931655	2405
54	BCH	1554.4	1375.7	1521.94	2018-02-20T00:00:00.0000000Z	2018-02-21T00:00:00.0000000Z	2965.289939637	3059
55	BCH	1409.91	1261.68	1388.01	2018-02-21T00:00:00.0000000Z	2018-02-22T00:00:00.0000000Z	4418.884535747	4593
56	BCH	1339.99	1175.0	1279.61	2018-02-22T00:00:00.0000000Z	2018-02-23T00:00:00.0000000Z	4411.936449857	4761
57	BCH	1311.05	1144.62	1209.0	2018-02-23T00:00:00.0000000Z	2018-02-24T00:00:00.0000000Z	2949.359562968	4108
58	BCH	1296.0	1126.1	1252.16	2018-02-24T00:00:00.0000000Z	2018-02-25T00:00:00.0000000Z	2245.153528907	3163
59	BCH	1202.54	1136.44	1179.1	2018-02-25T00:00:00.0000000Z	2018-02-26T00:00:00.0000000Z	1449.28346367	2152
60	BCH	1272.17	1140.0	1170.56	2018-02-26T00:00:00.0000000Z	2018-02-27T00:00:00.0000000Z	2666.95329387	3626
61	BCH	1298.69	1218.13	1245.73	2018-02-27T00:00:00.0000000Z	2018-02-28T00:00:00.0000000Z	1494.647208817	1798
62	BCH	1276.07	1195.33	1233.42	2018-02-28T00:00:00.0000000Z	2018-03-01T00:00:00.0000000Z	1359.994930387	1932
63	BCH	1305.93	1185.13	1199.03	2018-03-01T00:00:00.0000000Z	2018-03-02T00:00:00.0000000Z	2623.04066109	2663
64	BCH	1304.88	1248.49	1281.07	2018-03-02T00:00:00.0000000Z	2018-03-03T00:00:00.0000000Z	1928.413496339	1942
65	BCH	1299.0	1255.18	1275.74	2018-03-03T00:00:00.0000000Z	2018-03-04T00:00:00.0000000Z	563.52580675	1040
66	BCH	1284.82	1210.0	1265.38	2018-03-04T00:00:00.0000000Z	2018-03-05T00:00:00.0000000Z	1915.667827768	2061
67	BCH	1288.77	1261.01	1279.07	2018-03-05T00:00:00.0000000Z	2018-03-06T00:00:00.0000000Z	999.104347209	1382
68	BCH	1262.97	1172.75	1261.01	2018-03-06T00:00:00.0000000Z	2018-03-07T00:00:00.0000000Z	1926.602015879	2913
69	BCH	1215.98	1031.75	1202.0	2018-03-07T00:00:00.0000000Z	2018-03-08T00:00:00.0000000Z	4884.672428429	6747
70	BCH	1113.09	990.15	1091.39	2018-03-08T00:00:00.0000000Z	2018-03-09T00:00:00.0000000Z	8307.834825785	7701
71	BCH	1075.0	920.0	1030.6	2018-03-09T00:00:00.0000000Z	2018-03-10T00:00:00.0000000Z	6686.639708338	7888
72	BCH	1089.98	986.0	1066.14	2018-03-10T00:00:00.0000000Z	2018-03-11T00:00:00.0000000Z	2037.188100947	2954
73	BCH	1158.33	960.04	1002.06	2018-03-11T00:00:00.0000000Z	2018-03-12T00:00:00.0000000Z	2835.385696576	5417
74	BCH	1149.5	1008.15	1136.94	2018-03-12T00:00:00.0000000Z	2018-03-13T00:00:00.0000000Z	4463.29727205	4611
75	BCH	1099.45	990.15	1046.99	2018-03-13T00:00:00.0000000Z	2018-03-14T00:00:00.0000000Z	11769.278362965	7683
76	BCH	1068.35	906.42	1055.95	2018-03-14T00:00:00.0000000Z	2018-03-15T00:00:00.0000000Z	4775.050543252	5000
77	BCH	954.99	871.29	947.99	2018-03-15T00:00:00.0000000Z	2018-03-16T00:00:00.0000000Z	2655.168689298	5033
78	BCH	1059.3	895.18	940.75	2018-03-16T00:00:00.0000000Z	2018-03-17T00:00:00.0000000Z	3547.638424868	3938
79	BCH	1031.59	925.61	970.0	2018-03-17T00:00:00.0000000Z	2018-03-18T00:00:00.0000000Z	2164.087861158	2723
80	BCH	950.06	844.22	945.53	2018-03-18T00:00:00.0000000Z	2018-03-19T00:00:00.0000000Z	2442.939451805	3292
81	BCH	999.4	909.19	932.39	2018-03-19T00:00:00.0000000Z	2018-03-20T00:00:00.0000000Z	3246.870067628	3196
82	BCH	1076.82	952.2	989.01	2018-03-20T00:00:00.0000000Z	2018-03-21T00:00:00.0000000Z	4656.811693309	4521
83	BCH	1081.0	1005.99	1061.97	2018-03-21T00:00:00.0000000Z	2018-03-22T00:00:00.0000000Z	2240.914466788	3848
84	BCH	1063.49	985.02	1029.99	2018-03-22T00:00:00.0000000Z	2018-03-23T00:00:00.0000000Z	2453.163933036	4648
85	BCH	1032.22	960.0	1008.88	2018-03-23T00:00:00.0000000Z	2018-03-24T00:00:00.0000000Z	3084.594329969	3347
86	BCH	1034.76	965.81	1024.45	2018-03-24T00:00:00.0000000Z	2018-03-25T00:00:00.0000000Z	869.59411885	1990
87	BCH	989.49	963.73	969.32	2018-03-25T00:00:00.0000000Z	2018-03-26T00:00:00.0000000Z	779.472146588	2734
88	BCH	974.99	880.17	971.96	2018-03-26T00:00:00.0000000Z	2018-03-27T00:00:00.0000000Z	2798.183934099	3102
89	BCH	924.99	871.69	915.39	2018-03-27T00:00:00.0000000Z	2018-03-28T00:00:00.0000000Z	1374.452708439	2907
90	BCH	895.98	847.17	874.64	2018-03-28T00:00:00.0000000Z	2018-03-29T00:00:00.0000000Z	5449.708413957	3154
91	BCH	866.78	692.74	860.01	2018-03-29T00:00:00.0000000Z	2018-03-30T00:00:00.0000000Z	16253.136207964	7578
92	BCH	770.49	671.79	707.13	2018-03-30T00:00:00.0000000Z	2018-03-31T00:00:00.0000000Z	5282.629087216	5094
93	BCH	736.32	679.88	694.25	2018-03-31T00:00:00.0000000Z	2018-04-01T00:00:00.0000000Z	2676.932694045	4059
94	BCH	698.31	625.0	681.99	2018-04-01T00:00:00.0000000Z	2018-04-02T00:00:00.0000000Z	10369.54164979	6113
95	BCH	685.02	638.76	640.4	2018-04-02T00:00:00.0000000Z	2018-04-03T00:00:00.0000000Z	2487.962401749	2131
96	BCH	722.52	656.84	661.24	2018-04-03T00:00:00.0000000Z	2018-04-04T00:00:00.0000000Z	3217.721436018	2416
97	BCH	709.07	631.89	707.95	2018-04-04T00:00:00.0000000Z	2018-04-05T00:00:00.0000000Z	4487.478976429	2143
98	BCH	655.62	618.97	647.77	2018-04-05T00:00:00.0000000Z	2018-04-06T00:00:00.0000000Z	2228.17290044	1726
99	BCH	646.96	599.49	644.1	2018-04-06T00:00:00.0000000Z	2018-04-07T00:00:00.0000000Z	5582.770562226	1982
100	BTC	542.87	525.49	532.37	2016-06-01T00:00:00.0000000Z	2016-06-02T00:00:00.0000000Z	5456.942657	4433
101	BTC	540.0	529.13	536.95	2016-06-02T00:00:00.0000000Z	2016-06-03T00:00:00.0000000Z	3939.35132757	3533
102	BTC	578.37	535.74	538.0	2016-06-03T00:00:00.0000000Z	2016-06-04T00:00:00.0000000Z	8801.7746347	6192
103	BTC	588.71	558.54	569.93	2016-06-04T00:00:00.0000000Z	2016-06-05T00:00:00.0000000Z	6216.6271931	4131
104	BTC	582.0	566.0	573.5	2016-06-05T00:00:00.0000000Z	2016-06-06T00:00:00.0000000Z	5415.93469447	3347
105	BTC	586.02	573.8	573.8	2016-06-06T00:00:00.0000000Z	2016-06-07T00:00:00.0000000Z	4465.51612085	3214
106	BTC	594.44	563.0	584.12	2016-06-07T00:00:00.0000000Z	2016-06-08T00:00:00.0000000Z	6705.91830357	4843
107	BTC	584.25	571.86	577.48	2016-06-08T00:00:00.0000000Z	2016-06-09T00:00:00.0000000Z	3259.15110512	2925
108	BTC	583.1	572.97	583.01	2016-06-09T00:00:00.0000000Z	2016-06-10T00:00:00.0000000Z	3770.7182618	2808
109	BTC	580.0	572.0	576.06	2016-06-10T00:00:00.0000000Z	2016-06-11T00:00:00.0000000Z	3458.56492292	2110
110	BTC	611.0	575.93	576.53	2016-06-11T00:00:00.0000000Z	2016-06-12T00:00:00.0000000Z	3994.69960397	3750
111	BTC	683.02	603.21	610.0	2016-06-12T00:00:00.0000000Z	2016-06-13T00:00:00.0000000Z	14137.59479747	9681
112	BTC	725.0	655.02	668.73	2016-06-13T00:00:00.0000000Z	2016-06-14T00:00:00.0000000Z	17280.60397099	13382
113	BTC	704.5	655.0	703.81	2016-06-14T00:00:00.0000000Z	2016-06-15T00:00:00.0000000Z	10633.44050212	7601
114	BTC	695.77	672.12	685.25	2016-06-15T00:00:00.0000000Z	2016-06-16T00:00:00.0000000Z	5783.92382786	5385
115	BTC	773.07	689.8	695.0	2016-06-16T00:00:00.0000000Z	2016-06-17T00:00:00.0000000Z	17946.82684698	10492
116	BTC	778.7	706.37	767.37	2016-06-17T00:00:00.0000000Z	2016-06-18T00:00:00.0000000Z	14687.27083679	9405
117	BTC	778.85	723.02	745.0	2016-06-18T00:00:00.0000000Z	2016-06-19T00:00:00.0000000Z	5902.36262144	5637
118	BTC	764.93	740.11	753.47	2016-06-19T00:00:00.0000000Z	2016-06-20T00:00:00.0000000Z	2617.27920864	3473
119	BTC	763.99	723.4	759.12	2016-06-20T00:00:00.0000000Z	2016-06-21T00:00:00.0000000Z	7962.77933806	9121
120	BTC	728.18	625.0	725.0	2016-06-21T00:00:00.0000000Z	2016-06-22T00:00:00.0000000Z	33056.28964434	20355
121	BTC	677.63	588.03	665.36	2016-06-22T00:00:00.0000000Z	2016-06-23T00:00:00.0000000Z	16456.40877924	12231
122	BTC	632.67	1.5	600.51	2016-06-23T00:00:00.0000000Z	2016-06-24T00:00:00.0000000Z	23941.93995526	13443
123	BTC	683.88	620.82	622.59	2016-06-24T00:00:00.0000000Z	2016-06-25T00:00:00.0000000Z	16036.29415431	10398
124	BTC	684.45	639.4	660.76	2016-06-25T00:00:00.0000000Z	2016-06-26T00:00:00.0000000Z	6576.43804357	4614
125	BTC	662.9	608.64	658.8	2016-06-26T00:00:00.0000000Z	2016-06-27T00:00:00.0000000Z	5838.1489745	4579
126	BTC	658.0	618.03	630.16	2016-06-27T00:00:00.0000000Z	2016-06-28T00:00:00.0000000Z	8668.59311399	6897
127	BTC	665.51	635.5	657.49	2016-06-28T00:00:00.0000000Z	2016-06-29T00:00:00.0000000Z	5478.35678011	5106
128	BTC	645.0	621.09	644.33	2016-06-29T00:00:00.0000000Z	2016-06-30T00:00:00.0000000Z	9132.47818623	6855
129	BTC	671.22	628.06	635.91	2016-06-30T00:00:00.0000000Z	2016-07-01T00:00:00.0000000Z	7479.78991538	5324
130	BTC	684.1	659.71	666.33	2016-07-01T00:00:00.0000000Z	2016-07-02T00:00:00.0000000Z	6432.9196212	5324
131	BTC	704.93	672.74	674.55	2016-07-02T00:00:00.0000000Z	2016-07-03T00:00:00.0000000Z	5506.04313621	3906
132	BTC	704.99	646.29	702.48	2016-07-03T00:00:00.0000000Z	2016-07-04T00:00:00.0000000Z	7320.31995024	5517
133	BTC	682.35	640.1	659.77	2016-07-04T00:00:00.0000000Z	2016-07-05T00:00:00.0000000Z	4290.13225288	4629
134	BTC	682.36	661.57	678.74	2016-07-05T00:00:00.0000000Z	2016-07-06T00:00:00.0000000Z	3112.7271219	2744
135	BTC	679.0	662.13	669.09	2016-07-06T00:00:00.0000000Z	2016-07-07T00:00:00.0000000Z	3590.61112814	2889
136	BTC	678.43	605.5	674.7	2016-07-07T00:00:00.0000000Z	2016-07-08T00:00:00.0000000Z	12686.97748136	9262
137	BTC	665.99	635.0	638.89	2016-07-08T00:00:00.0000000Z	2016-07-09T00:00:00.0000000Z	6579.38521243	5237
138	BTC	663.99	626.0	663.0	2016-07-09T00:00:00.0000000Z	2016-07-10T00:00:00.0000000Z	6180.15042485	5155
139	BTC	650.88	636.8	647.78	2016-07-10T00:00:00.0000000Z	2016-07-11T00:00:00.0000000Z	2313.34939114	2148
140	BTC	659.6	639.31	648.77	2016-07-11T00:00:00.0000000Z	2016-07-12T00:00:00.0000000Z	2978.13685533	2554
141	BTC	678.0	646.05	649.32	2016-07-12T00:00:00.0000000Z	2016-07-13T00:00:00.0000000Z	4288.07627477	5563
142	BTC	669.97	651.03	663.52	2016-07-13T00:00:00.0000000Z	2016-07-14T00:00:00.0000000Z	6573.20203068	5319
143	BTC	664.93	650.01	652.24	2016-07-14T00:00:00.0000000Z	2016-07-15T00:00:00.0000000Z	2392.43467683	3098
144	BTC	670.01	658.41	660.3	2016-07-15T00:00:00.0000000Z	2016-07-16T00:00:00.0000000Z	3228.34264303	3117
145	BTC	666.67	655.0	664.6	2016-07-16T00:00:00.0000000Z	2016-07-17T00:00:00.0000000Z	1682.67647056	1687
146	BTC	684.19	661.35	662.45	2016-07-17T00:00:00.0000000Z	2016-07-18T00:00:00.0000000Z	3437.77012475	3094
147	BTC	682.21	666.12	679.54	2016-07-18T00:00:00.0000000Z	2016-07-19T00:00:00.0000000Z	3012.20623456	2732
148	BTC	675.81	666.0	673.45	2016-07-19T00:00:00.0000000Z	2016-07-20T00:00:00.0000000Z	1904.43446142	2022
149	BTC	675.0	660.0	674.8	2016-07-20T00:00:00.0000000Z	2016-07-21T00:00:00.0000000Z	3418.62509416	2380
150	BTC	667.1	660.1	667.01	2016-07-21T00:00:00.0000000Z	2016-07-22T00:00:00.0000000Z	2503.04270767	3234
151	BTC	666.3	645.0	663.25	2016-07-22T00:00:00.0000000Z	2016-07-23T00:00:00.0000000Z	5191.55506577	4002
152	BTC	656.77	646.0	647.88	2016-07-23T00:00:00.0000000Z	2016-07-24T00:00:00.0000000Z	1284.52223933	2154
153	BTC	665.0	651.99	655.52	2016-07-24T00:00:00.0000000Z	2016-07-25T00:00:00.0000000Z	1427.97990306	2508
154	BTC	661.99	652.28	659.64	2016-07-25T00:00:00.0000000Z	2016-07-26T00:00:00.0000000Z	2441.94401025	2977
155	BTC	656.94	645.01	655.0	2016-07-26T00:00:00.0000000Z	2016-07-27T00:00:00.0000000Z	3552.82907397	4931
156	BTC	659.98	646.31	651.22	2016-07-27T00:00:00.0000000Z	2016-07-28T00:00:00.0000000Z	2664.94311137	4113
157	BTC	657.89	652.41	655.13	2016-07-28T00:00:00.0000000Z	2016-07-29T00:00:00.0000000Z	1896.1054278	2715
158	BTC	657.48	653.0	654.84	2016-07-29T00:00:00.0000000Z	2016-07-30T00:00:00.0000000Z	1297.14816627	2187
159	BTC	657.5	652.19	654.88	2016-07-30T00:00:00.0000000Z	2016-07-31T00:00:00.0000000Z	719.15982547	1036
160	BTC	654.71	614.97	654.02	2016-07-31T00:00:00.0000000Z	2016-08-01T00:00:00.0000000Z	4933.11939038	4775
161	BTC	630.0	603.63	622.5	2016-08-01T00:00:00.0000000Z	2016-08-02T00:00:00.0000000Z	5488.95380857	5239
162	BTC	613.03	465.28	606.84	2016-08-02T00:00:00.0000000Z	2016-08-03T00:00:00.0000000Z	22142.62442025	11321
163	BTC	572.34	521.0	540.0	2016-08-03T00:00:00.0000000Z	2016-08-04T00:00:00.0000000Z	15452.31949194	11730
164	BTC	583.97	552.0	563.99	2016-08-04T00:00:00.0000000Z	2016-08-05T00:00:00.0000000Z	8394.04255656	7133
165	BTC	578.2	562.0	578.14	2016-08-05T00:00:00.0000000Z	2016-08-06T00:00:00.0000000Z	4811.23583899	4111
166	BTC	592.0	562.56	572.98	2016-08-06T00:00:00.0000000Z	2016-08-07T00:00:00.0000000Z	6021.3087891	5884
167	BTC	598.82	582.12	589.47	2016-08-07T00:00:00.0000000Z	2016-08-08T00:00:00.0000000Z	2908.12442938	4262
168	BTC	594.0	583.58	592.47	2016-08-08T00:00:00.0000000Z	2016-08-09T00:00:00.0000000Z	3181.85250852	5071
169	BTC	591.85	579.43	591.85	2016-08-09T00:00:00.0000000Z	2016-08-10T00:00:00.0000000Z	3174.70598792	3284
170	BTC	603.0	580.01	582.71	2016-08-10T00:00:00.0000000Z	2016-08-11T00:00:00.0000000Z	5217.75905561	3838
171	BTC	597.78	585.22	590.46	2016-08-11T00:00:00.0000000Z	2016-08-12T00:00:00.0000000Z	2543.68401092	2864
172	BTC	591.19	580.47	585.25	2016-08-12T00:00:00.0000000Z	2016-08-13T00:00:00.0000000Z	2177.37864395	3054
173	BTC	589.98	581.71	585.34	2016-08-13T00:00:00.0000000Z	2016-08-14T00:00:00.0000000Z	962.30229892	1627
174	BTC	583.92	556.24	583.54	2016-08-14T00:00:00.0000000Z	2016-08-15T00:00:00.0000000Z	4812.8152523	3710
175	BTC	573.69	554.9	568.76	2016-08-15T00:00:00.0000000Z	2016-08-16T00:00:00.0000000Z	4633.74558455	3645
176	BTC	579.8	563.0	564.2	2016-08-16T00:00:00.0000000Z	2016-08-17T00:00:00.0000000Z	4837.18871903	3363
177	BTC	577.86	566.02	574.95	2016-08-17T00:00:00.0000000Z	2016-08-18T00:00:00.0000000Z	4107.0085286	4114
178	BTC	575.87	568.79	570.91	2016-08-18T00:00:00.0000000Z	2016-08-19T00:00:00.0000000Z	3967.28412511	3421
179	BTC	574.86	552.3	571.51	2016-08-19T00:00:00.0000000Z	2016-08-20T00:00:00.0000000Z	4652.00521466	3261
180	BTC	581.02	568.52	572.98	2016-08-20T00:00:00.0000000Z	2016-08-21T00:00:00.0000000Z	2431.78684382	1968
181	BTC	583.99	576.01	577.7	2016-08-21T00:00:00.0000000Z	2016-08-22T00:00:00.0000000Z	1139.76224273	1961
182	BTC	585.95	572.5	577.55	2016-08-22T00:00:00.0000000Z	2016-08-23T00:00:00.0000000Z	5086.06256577	3164
183	BTC	584.99	576.0	582.78	2016-08-23T00:00:00.0000000Z	2016-08-24T00:00:00.0000000Z	4182.04589939	3064
184	BTC	582.1	575.4	580.27	2016-08-24T00:00:00.0000000Z	2016-08-25T00:00:00.0000000Z	2991.01460758	2734
185	BTC	578.75	571.16	577.65	2016-08-25T00:00:00.0000000Z	2016-08-26T00:00:00.0000000Z	4231.40701036	3201
186	BTC	582.46	574.1	575.75	2016-08-26T00:00:00.0000000Z	2016-08-27T00:00:00.0000000Z	3300.29774328	2740
187	BTC	579.09	564.81	577.92	2016-08-27T00:00:00.0000000Z	2016-08-28T00:00:00.0000000Z	2702.58036182	2183
188	BTC	573.34	566.8	567.51	2016-08-28T00:00:00.0000000Z	2016-08-29T00:00:00.0000000Z	1034.07669959	1480
189	BTC	575.0	568.6	573.2	2016-08-29T00:00:00.0000000Z	2016-08-30T00:00:00.0000000Z	2333.00891707	2431
190	BTC	576.5	568.55	570.74	2016-08-30T00:00:00.0000000Z	2016-08-31T00:00:00.0000000Z	4439.35420543	3430
191	BTC	576.49	568.4	575.88	2016-08-31T00:00:00.0000000Z	2016-09-01T00:00:00.0000000Z	3917.82520705	3309
192	BTC	572.86	566.86	570.75	2016-09-01T00:00:00.0000000Z	2016-09-02T00:00:00.0000000Z	2833.21048959	3773
193	BTC	574.2	567.03	571.05	2016-09-02T00:00:00.0000000Z	2016-09-03T00:00:00.0000000Z	2996.65467508	2004
194	BTC	598.64	569.01	572.0	2016-09-03T00:00:00.0000000Z	2016-09-04T00:00:00.0000000Z	4645.77734019	3977
195	BTC	609.05	590.88	596.25	2016-09-04T00:00:00.0000000Z	2016-09-05T00:00:00.0000000Z	3951.19879148	4174
196	BTC	607.31	592.46	605.72	2016-09-05T00:00:00.0000000Z	2016-09-06T00:00:00.0000000Z	3838.1094176	4692
197	BTC	609.74	601.0	604.98	2016-09-06T00:00:00.0000000Z	2016-09-07T00:00:00.0000000Z	4038.33754573	2787
198	BTC	615.92	604.7	608.93	2016-09-07T00:00:00.0000000Z	2016-09-08T00:00:00.0000000Z	4502.71072652	3531
199	BTC	628.98	611.66	614.44	2016-09-08T00:00:00.0000000Z	2016-09-09T00:00:00.0000000Z	4354.95251639	4029
200	ETH	298.6	292.3	293.13	2017-08-20T00:00:00.0000000Z	2017-08-21T00:00:00.0000000Z	289.70277589	202
201	ETH	353.0	292.71	297.26	2017-08-21T00:00:00.0000000Z	2017-08-22T00:00:00.0000000Z	24750.689250275	9772
202	ETH	328.8	291.86	319.37	2017-08-22T00:00:00.0000000Z	2017-08-23T00:00:00.0000000Z	17151.965292235	8495
203	ETH	324.68	311.34	313.43	2017-08-23T00:00:00.0000000Z	2017-08-24T00:00:00.0000000Z	11550.126566454	6718
204	ETH	327.49	312.4	315.61	2017-08-24T00:00:00.0000000Z	2017-08-25T00:00:00.0000000Z	8279.527551403	6403
205	ETH	337.22	322.21	323.85	2017-08-25T00:00:00.0000000Z	2017-08-26T00:00:00.0000000Z	9866.782091188	5052
206	ETH	335.12	324.56	329.55	2017-08-26T00:00:00.0000000Z	2017-08-27T00:00:00.0000000Z	8164.811421418	5063
207	ETH	347.55	332.38	332.42	2017-08-27T00:00:00.0000000Z	2017-08-28T00:00:00.0000000Z	8098.540189256	5049
208	ETH	350.29	333.01	347.71	2017-08-28T00:00:00.0000000Z	2017-08-29T00:00:00.0000000Z	14196.596516338	7010
209	ETH	376.55	345.0	346.83	2017-08-29T00:00:00.0000000Z	2017-08-30T00:00:00.0000000Z	21849.880143296	9804
210	ETH	390.68	365.0	372.12	2017-08-30T00:00:00.0000000Z	2017-08-31T00:00:00.0000000Z	33918.446568493	10233
211	ETH	393.0	380.05	383.38	2017-08-31T00:00:00.0000000Z	2017-09-01T00:00:00.0000000Z	15445.383297339	8327
212	ETH	396.0	384.2	387.98	2017-09-01T00:00:00.0000000Z	2017-09-02T00:00:00.0000000Z	21656.430321795	12228
213	ETH	392.45	327.0	390.33	2017-09-02T00:00:00.0000000Z	2017-09-03T00:00:00.0000000Z	29696.734243776	12442
214	ETH	370.2	331.0	351.47	2017-09-03T00:00:00.0000000Z	2017-09-04T00:00:00.0000000Z	24080.454159114	7257
215	ETH	352.16	275.15	350.62	2017-09-04T00:00:00.0000000Z	2017-09-05T00:00:00.0000000Z	46192.45809244	13547
216	ETH	323.76	270.0	302.71	2017-09-05T00:00:00.0000000Z	2017-09-06T00:00:00.0000000Z	31763.823072414	11165
217	ETH	341.6	315.01	316.62	2017-09-06T00:00:00.0000000Z	2017-09-07T00:00:00.0000000Z	27081.576222287	12409
218	ETH	339.89	323.0	337.36	2017-09-07T00:00:00.0000000Z	2017-09-08T00:00:00.0000000Z	22030.973896784	7257
219	ETH	335.63	290.01	335.63	2017-09-08T00:00:00.0000000Z	2017-09-09T00:00:00.0000000Z	38661.090949178	13931
220	ETH	307.96	290.0	305.8	2017-09-09T00:00:00.0000000Z	2017-09-10T00:00:00.0000000Z	12409.003431262	6887
221	ETH	305.98	273.0	303.86	2017-09-10T00:00:00.0000000Z	2017-09-11T00:00:00.0000000Z	38810.914949598	10274
222	ETH	305.99	285.75	298.17	2017-09-11T00:00:00.0000000Z	2017-09-12T00:00:00.0000000Z	19404.551005093	10219
223	ETH	316.5	285.0	297.31	2017-09-12T00:00:00.0000000Z	2017-09-13T00:00:00.0000000Z	31113.192042153	12588
224	ETH	294.31	255.06	293.96	2017-09-13T00:00:00.0000000Z	2017-09-14T00:00:00.0000000Z	49227.22144465	15463
225	ETH	280.68	221.6	275.79	2017-09-14T00:00:00.0000000Z	2017-09-15T00:00:00.0000000Z	71254.525151811	18298
226	ETH	266.0	201.0	223.1	2017-09-15T00:00:00.0000000Z	2017-09-16T00:00:00.0000000Z	96220.553805254	27330
227	ETH	271.34	240.47	257.38	2017-09-16T00:00:00.0000000Z	2017-09-17T00:00:00.0000000Z	31459.444575681	12658
228	ETH	263.88	236.03	253.08	2017-09-17T00:00:00.0000000Z	2017-09-18T00:00:00.0000000Z	19524.262764814	9445
229	ETH	299.91	256.76	257.08	2017-09-18T00:00:00.0000000Z	2017-09-19T00:00:00.0000000Z	48043.634749869	19049
230	ETH	299.69	275.58	298.0	2017-09-19T00:00:00.0000000Z	2017-09-20T00:00:00.0000000Z	23891.508117863	10408
231	ETH	293.02	276.43	283.11	2017-09-20T00:00:00.0000000Z	2017-09-21T00:00:00.0000000Z	17131.239560284	7419
232	ETH	288.04	250.01	283.6	2017-09-21T00:00:00.0000000Z	2017-09-22T00:00:00.0000000Z	29303.798327694	11391
233	ETH	274.0	250.0	258.17	2017-09-22T00:00:00.0000000Z	2017-09-23T00:00:00.0000000Z	18940.510023678	7679
234	ETH	286.28	258.95	263.0	2017-09-23T00:00:00.0000000Z	2017-09-24T00:00:00.0000000Z	15792.521566318	7171
235	ETH	294.22	275.59	285.31	2017-09-24T00:00:00.0000000Z	2017-09-25T00:00:00.0000000Z	14555.161799296	6427
236	ETH	297.53	282.2	283.48	2017-09-25T00:00:00.0000000Z	2017-09-26T00:00:00.0000000Z	23119.104059312	9174
237	ETH	295.3	285.22	294.45	2017-09-26T00:00:00.0000000Z	2017-09-27T00:00:00.0000000Z	14621.772477005	6364
238	ETH	313.0	287.22	288.43	2017-09-27T00:00:00.0000000Z	2017-09-28T00:00:00.0000000Z	35305.862618274	11034
239	ETH	310.96	294.52	310.38	2017-09-28T00:00:00.0000000Z	2017-09-29T00:00:00.0000000Z	17827.096056196	6031
240	ETH	303.59	278.42	302.42	2017-09-29T00:00:00.0000000Z	2017-09-30T00:00:00.0000000Z	26694.463965884	8125
241	ETH	304.76	283.0	291.65	2017-09-30T00:00:00.0000000Z	2017-10-01T00:00:00.0000000Z	12088.509542527	4295
242	ETH	303.06	286.16	300.99	2017-10-01T00:00:00.0000000Z	2017-10-02T00:00:00.0000000Z	8878.183621417	3185
243	ETH	303.06	290.6	301.24	2017-10-02T00:00:00.0000000Z	2017-10-03T00:00:00.0000000Z	12389.09696617	3406
244	ETH	299.4	286.12	296.12	2017-10-03T00:00:00.0000000Z	2017-10-04T00:00:00.0000000Z	9750.710299486	3132
245	ETH	295.56	288.25	291.82	2017-10-04T00:00:00.0000000Z	2017-10-05T00:00:00.0000000Z	5064.349573798	2467
246	ETH	297.5	286.5	291.4	2017-10-05T00:00:00.0000000Z	2017-10-06T00:00:00.0000000Z	8857.345923488	4211
247	ETH	308.8	292.71	294.6	2017-10-06T00:00:00.0000000Z	2017-10-07T00:00:00.0000000Z	11383.773550714	4493
248	ETH	314.43	301.0	307.52	2017-10-07T00:00:00.0000000Z	2017-10-08T00:00:00.0000000Z	7447.764664949	3151
249	ETH	313.9	307.01	311.0	2017-10-08T00:00:00.0000000Z	2017-10-09T00:00:00.0000000Z	9729.245699744	4031
250	ETH	309.75	285.0	308.63	2017-10-09T00:00:00.0000000Z	2017-10-10T00:00:00.0000000Z	24539.126957308	5951
251	ETH	304.99	291.0	296.8	2017-10-10T00:00:00.0000000Z	2017-10-11T00:00:00.0000000Z	9936.664496149	3999
252	ETH	304.43	297.0	298.98	2017-10-11T00:00:00.0000000Z	2017-10-12T00:00:00.0000000Z	8729.10742425	2234
253	ETH	308.47	299.01	303.07	2017-10-12T00:00:00.0000000Z	2017-10-13T00:00:00.0000000Z	23624.428555008	5680
254	ETH	348.48	295.76	302.71	2017-10-13T00:00:00.0000000Z	2017-10-14T00:00:00.0000000Z	47912.994990113	14938
255	ETH	346.69	333.02	337.54	2017-10-14T00:00:00.0000000Z	2017-10-15T00:00:00.0000000Z	16447.956731387	5774
256	ETH	341.35	315.7	338.02	2017-10-15T00:00:00.0000000Z	2017-10-16T00:00:00.0000000Z	14590.994722765	6250
257	ETH	350.96	330.6	335.29	2017-10-16T00:00:00.0000000Z	2017-10-17T00:00:00.0000000Z	23137.622699064	8428
258	ETH	335.1	310.22	334.03	2017-10-17T00:00:00.0000000Z	2017-10-18T00:00:00.0000000Z	20243.220272097	6167
259	ETH	316.1	287.08	315.82	2017-10-18T00:00:00.0000000Z	2017-10-19T00:00:00.0000000Z	25956.805511146	7841
260	ETH	316.75	304.31	314.1	2017-10-19T00:00:00.0000000Z	2017-10-20T00:00:00.0000000Z	13266.972496297	4247
261	ETH	312.01	301.0	307.5	2017-10-20T00:00:00.0000000Z	2017-10-21T00:00:00.0000000Z	12534.621890663	4303
262	ETH	303.98	290.34	302.5	2017-10-21T00:00:00.0000000Z	2017-10-22T00:00:00.0000000Z	24630.179337607	5621
263	ETH	305.57	289.49	299.58	2017-10-22T00:00:00.0000000Z	2017-10-23T00:00:00.0000000Z	14826.050406466	4254
264	ETH	293.71	271.54	293.71	2017-10-23T00:00:00.0000000Z	2017-10-24T00:00:00.0000000Z	24123.569050493	6266
265	ETH	312.62	277.06	283.93	2017-10-24T00:00:00.0000000Z	2017-10-25T00:00:00.0000000Z	21543.714296817	7401
266	ETH	301.78	289.21	297.37	2017-10-25T00:00:00.0000000Z	2017-10-26T00:00:00.0000000Z	6865.550791535	4133
267	ETH	301.44	293.45	296.32	2017-10-26T00:00:00.0000000Z	2017-10-27T00:00:00.0000000Z	6495.999273	2742
268	ETH	299.49	292.0	295.43	2017-10-27T00:00:00.0000000Z	2017-10-28T00:00:00.0000000Z	5263.07588639	2447
269	ETH	297.9	291.75	296.23	2017-10-28T00:00:00.0000000Z	2017-10-29T00:00:00.0000000Z	5953.23551042	4759
270	ETH	311.0	292.97	293.78	2017-10-29T00:00:00.0000000Z	2017-10-30T00:00:00.0000000Z	12533.339523858	4227
271	ETH	310.99	303.0	303.02	2017-10-30T00:00:00.0000000Z	2017-10-31T00:00:00.0000000Z	8536.324024828	2978
272	ETH	310.4	301.28	306.6	2017-10-31T00:00:00.0000000Z	2017-11-01T00:00:00.0000000Z	13006.11560614	3553
273	ETH	306.25	287.0	303.01	2017-11-01T00:00:00.0000000Z	2017-11-02T00:00:00.0000000Z	14890.808289578	4907
274	ETH	293.12	275.0	289.01	2017-11-02T00:00:00.0000000Z	2017-11-03T00:00:00.0000000Z	30397.493669832	7462
275	ETH	309.42	282.24	284.79	2017-11-03T00:00:00.0000000Z	2017-11-04T00:00:00.0000000Z	25663.399572716	8073
276	ETH	306.9	292.0	305.3	2017-11-04T00:00:00.0000000Z	2017-11-05T00:00:00.0000000Z	8940.196146408	2516
277	ETH	301.46	294.03	300.73	2017-11-05T00:00:00.0000000Z	2017-11-06T00:00:00.0000000Z	5955.285606108	1875
278	ETH	304.48	291.5	295.72	2017-11-06T00:00:00.0000000Z	2017-11-07T00:00:00.0000000Z	19377.806771467	5505
279	ETH	306.23	284.01	297.33	2017-11-07T00:00:00.0000000Z	2017-11-08T00:00:00.0000000Z	30525.141565196	6261
280	ETH	321.99	291.06	292.52	2017-11-08T00:00:00.0000000Z	2017-11-09T00:00:00.0000000Z	32452.961253665	8852
281	ETH	331.7	306.5	307.88	2017-11-09T00:00:00.0000000Z	2017-11-10T00:00:00.0000000Z	31580.137929048	8448
282	ETH	325.61	291.0	320.13	2017-11-10T00:00:00.0000000Z	2017-11-11T00:00:00.0000000Z	34590.348439772	9189
283	ETH	322.19	298.0	298.65	2017-11-11T00:00:00.0000000Z	2017-11-12T00:00:00.0000000Z	23901.113098394	8482
284	ETH	318.98	300.11	315.29	2017-11-12T00:00:00.0000000Z	2017-11-13T00:00:00.0000000Z	48405.905673036	16990
285	ETH	320.69	305.91	306.11	2017-11-13T00:00:00.0000000Z	2017-11-14T00:00:00.0000000Z	36641.245798466	12942
286	ETH	340.99	314.95	315.81	2017-11-14T00:00:00.0000000Z	2017-11-15T00:00:00.0000000Z	48769.565254866	10955
287	ETH	340.0	323.19	335.54	2017-11-15T00:00:00.0000000Z	2017-11-16T00:00:00.0000000Z	27052.550904276	6900
288	ETH	335.16	321.0	332.44	2017-11-16T00:00:00.0000000Z	2017-11-17T00:00:00.0000000Z	34360.477471715	7027
289	ETH	334.86	325.0	330.88	2017-11-17T00:00:00.0000000Z	2017-11-18T00:00:00.0000000Z	24716.911368669	5798
290	ETH	349.31	326.3	331.2	2017-11-18T00:00:00.0000000Z	2017-11-19T00:00:00.0000000Z	26064.290001635	5701
291	ETH	372.0	344.01	346.96	2017-11-19T00:00:00.0000000Z	2017-11-20T00:00:00.0000000Z	32139.684587114	6818
292	ETH	372.88	350.0	354.49	2017-11-20T00:00:00.0000000Z	2017-11-21T00:00:00.0000000Z	28170.700375938	8218
293	ETH	372.94	345.52	367.52	2017-11-21T00:00:00.0000000Z	2017-11-22T00:00:00.0000000Z	51145.169295915	11609
294	ETH	383.94	358.33	359.93	2017-11-22T00:00:00.0000000Z	2017-11-23T00:00:00.0000000Z	34942.545475288	6758
295	ETH	426.04	370.11	381.78	2017-11-23T00:00:00.0000000Z	2017-11-24T00:00:00.0000000Z	77408.694155397	15739
296	ETH	478.99	395.0	406.75	2017-11-24T00:00:00.0000000Z	2017-11-25T00:00:00.0000000Z	84954.027294276	19762
297	ETH	483.0	451.0	470.73	2017-11-25T00:00:00.0000000Z	2017-11-26T00:00:00.0000000Z	31084.170847498	9932
298	ETH	472.76	438.09	461.89	2017-11-26T00:00:00.0000000Z	2017-11-27T00:00:00.0000000Z	29007.052712745	10567
299	ETH	487.0	456.24	468.99	2017-11-27T00:00:00.0000000Z	2017-11-28T00:00:00.0000000Z	53900.348757421	15723
300	LTC	42.99	40.55	41.7	2017-06-28T00:00:00.0000000Z	2017-06-29T00:00:00.0000000Z	18559.116545219	811
301	LTC	41.97	39.64	41.8	2017-06-29T00:00:00.0000000Z	2017-06-30T00:00:00.0000000Z	14557.53122183	672
302	LTC	41.31	39.3	40.78	2017-06-30T00:00:00.0000000Z	2017-07-01T00:00:00.0000000Z	20103.19012263	975
303	LTC	40.0	37.18	39.73	2017-07-01T00:00:00.0000000Z	2017-07-02T00:00:00.0000000Z	24759.0614277	1321
304	LTC	41.89	37.06	37.6	2017-07-02T00:00:00.0000000Z	2017-07-03T00:00:00.0000000Z	11329.2972857	651
305	LTC	47.64	40.38	41.41	2017-07-03T00:00:00.0000000Z	2017-07-04T00:00:00.0000000Z	37597.37196784	1827
306	LTC	55.01	45.15	45.34	2017-07-04T00:00:00.0000000Z	2017-07-05T00:00:00.0000000Z	61187.8435012	2603
307	LTC	56.73	48.95	54.69	2017-07-05T00:00:00.0000000Z	2017-07-06T00:00:00.0000000Z	33988.911258	1892
308	LTC	53.6	49.44	52.66	2017-07-06T00:00:00.0000000Z	2017-07-07T00:00:00.0000000Z	9157.08377576	768
309	LTC	51.29	44.51	50.91	2017-07-07T00:00:00.0000000Z	2017-07-08T00:00:00.0000000Z	44680.00328341	2084
310	LTC	52.0	44.35	46.18	2017-07-08T00:00:00.0000000Z	2017-07-09T00:00:00.0000000Z	16219.2806228	1217
311	LTC	52.35	48.31	51.25	2017-07-09T00:00:00.0000000Z	2017-07-10T00:00:00.0000000Z	10605.62346891	700
312	LTC	49.91	42.31	48.74	2017-07-10T00:00:00.0000000Z	2017-07-11T00:00:00.0000000Z	32767.80998586	1564
313	LTC	46.76	41.5	44.8	2017-07-11T00:00:00.0000000Z	2017-07-12T00:00:00.0000000Z	80523.45536789	3213
314	LTC	48.99	42.0	43.54	2017-07-12T00:00:00.0000000Z	2017-07-13T00:00:00.0000000Z	35128.26706052	1495
315	LTC	47.87	44.16	47.22	2017-07-13T00:00:00.0000000Z	2017-07-14T00:00:00.0000000Z	20507.67117225	1204
316	LTC	46.0	40.0	45.6	2017-07-14T00:00:00.0000000Z	2017-07-15T00:00:00.0000000Z	43263.2689878	1648
317	LTC	42.9	37.6	42.52	2017-07-15T00:00:00.0000000Z	2017-07-16T00:00:00.0000000Z	36473.09209288	1740
318	LTC	41.65	35.95	38.42	2017-07-16T00:00:00.0000000Z	2017-07-17T00:00:00.0000000Z	52769.71813232	2296
319	LTC	43.29	39.9	40.98	2017-07-17T00:00:00.0000000Z	2017-07-18T00:00:00.0000000Z	42574.81556516	2415
320	LTC	46.0	41.1	42.21	2017-07-18T00:00:00.0000000Z	2017-07-19T00:00:00.0000000Z	33017.23898418	1601
321	LTC	44.1	39.34	43.5	2017-07-19T00:00:00.0000000Z	2017-07-20T00:00:00.0000000Z	52763.16603182	2726
322	LTC	45.77	39.95	40.6	2017-07-20T00:00:00.0000000Z	2017-07-21T00:00:00.0000000Z	68992.772577	2752
323	LTC	47.96	44.09	44.57	2017-07-21T00:00:00.0000000Z	2017-07-22T00:00:00.0000000Z	32855.70172993	2146
324	LTC	47.5	44.85	45.21	2017-07-22T00:00:00.0000000Z	2017-07-23T00:00:00.0000000Z	11597.3714753	644
325	LTC	47.04	43.37	46.95	2017-07-23T00:00:00.0000000Z	2017-07-24T00:00:00.0000000Z	15568.83424344	946
326	LTC	45.62	43.6	44.9	2017-07-24T00:00:00.0000000Z	2017-07-25T00:00:00.0000000Z	12384.36861751	1110
327	LTC	45.3	40.38	45.0	2017-07-25T00:00:00.0000000Z	2017-07-26T00:00:00.0000000Z	33654.2860695	1826
328	LTC	42.9	40.23	42.1	2017-07-26T00:00:00.0000000Z	2017-07-27T00:00:00.0000000Z	23529.78834767	1698
329	LTC	42.86	40.8	42.1	2017-07-27T00:00:00.0000000Z	2017-07-28T00:00:00.0000000Z	20574.8330182	918
330	LTC	42.2	40.02	41.86	2017-07-28T00:00:00.0000000Z	2017-07-29T00:00:00.0000000Z	27950.35479429	1451
331	LTC	41.24	38.25	40.25	2017-07-29T00:00:00.0000000Z	2017-07-30T00:00:00.0000000Z	25820.0567417	1346
332	LTC	41.22	39.3	40.71	2017-07-30T00:00:00.0000000Z	2017-07-31T00:00:00.0000000Z	8529.73830618	647
333	LTC	43.24	37.39	39.9	2017-07-31T00:00:00.0000000Z	2017-08-01T00:00:00.0000000Z	48862.77778799	2119
334	LTC	44.3	39.72	42.11	2017-08-01T00:00:00.0000000Z	2017-08-02T00:00:00.0000000Z	45496.325560659	2852
335	LTC	43.26	41.44	43.06	2017-08-02T00:00:00.0000000Z	2017-08-03T00:00:00.0000000Z	17092.19342118	968
336	LTC	43.0	41.8	41.85	2017-08-03T00:00:00.0000000Z	2017-08-04T00:00:00.0000000Z	8287.60328072	521
337	LTC	43.57	42.32	42.66	2017-08-04T00:00:00.0000000Z	2017-08-05T00:00:00.0000000Z	14250.11616472	935
338	LTC	47.09	43.02	43.25	2017-08-05T00:00:00.0000000Z	2017-08-06T00:00:00.0000000Z	49028.53306291	2408
339	LTC	46.92	44.73	46.22	2017-08-06T00:00:00.0000000Z	2017-08-07T00:00:00.0000000Z	18033.99006494	982
340	LTC	46.75	45.09	45.33	2017-08-07T00:00:00.0000000Z	2017-08-08T00:00:00.0000000Z	14193.52886889	950
341	LTC	49.7	45.31	45.83	2017-08-08T00:00:00.0000000Z	2017-08-09T00:00:00.0000000Z	34920.35088452	1704
342	LTC	50.25	46.69	48.67	2017-08-09T00:00:00.0000000Z	2017-08-10T00:00:00.0000000Z	34882.463815789	2058
343	LTC	48.68	46.75	47.78	2017-08-10T00:00:00.0000000Z	2017-08-11T00:00:00.0000000Z	8807.14159692	685
344	LTC	47.97	45.64	46.79	2017-08-11T00:00:00.0000000Z	2017-08-12T00:00:00.0000000Z	21950.43522355	1297
345	LTC	47.54	45.71	46.8	2017-08-12T00:00:00.0000000Z	2017-08-13T00:00:00.0000000Z	29512.74239931	1461
346	LTC	47.42	43.62	46.19	2017-08-13T00:00:00.0000000Z	2017-08-14T00:00:00.0000000Z	49619.39056546	2893
347	LTC	46.2	44.44	45.34	2017-08-14T00:00:00.0000000Z	2017-08-15T00:00:00.0000000Z	14008.09532052	961
348	LTC	45.67	41.15	45.61	2017-08-15T00:00:00.0000000Z	2017-08-16T00:00:00.0000000Z	57306.64044512	3441
349	LTC	44.9	41.89	43.12	2017-08-16T00:00:00.0000000Z	2017-08-17T00:00:00.0000000Z	53586.496214108	2695
350	LTC	44.86	43.0	43.75	2017-08-17T00:00:00.0000000Z	2017-08-18T00:00:00.0000000Z	16348.95423383	1131
351	LTC	48.0	43.13	43.78	2017-08-18T00:00:00.0000000Z	2017-08-19T00:00:00.0000000Z	56581.37294538	3553
352	LTC	46.49	42.99	46.49	2017-08-19T00:00:00.0000000Z	2017-08-20T00:00:00.0000000Z	15138.117386559	1046
353	LTC	47.26	43.36	44.12	2017-08-20T00:00:00.0000000Z	2017-08-21T00:00:00.0000000Z	7088.49602967	690
354	LTC	48.73	45.02	45.9	2017-08-21T00:00:00.0000000Z	2017-08-22T00:00:00.0000000Z	26343.421997479	2140
355	LTC	47.67	44.32	47.67	2017-08-22T00:00:00.0000000Z	2017-08-23T00:00:00.0000000Z	40044.901957499	2881
356	LTC	55.69	45.73	46.32	2017-08-23T00:00:00.0000000Z	2017-08-24T00:00:00.0000000Z	83881.606350429	5247
357	LTC	53.12	49.27	52.91	2017-08-24T00:00:00.0000000Z	2017-08-25T00:00:00.0000000Z	34478.67182355	2866
358	LTC	52.21	49.26	49.75	2017-08-25T00:00:00.0000000Z	2017-08-26T00:00:00.0000000Z	17779.800162439	1454
359	LTC	52.25	50.0	51.0	2017-08-26T00:00:00.0000000Z	2017-08-27T00:00:00.0000000Z	13709.20826455	1088
360	LTC	64.89	51.32	51.34	2017-08-27T00:00:00.0000000Z	2017-08-28T00:00:00.0000000Z	76096.41385711	4974
361	LTC	65.0	58.55	60.21	2017-08-28T00:00:00.0000000Z	2017-08-29T00:00:00.0000000Z	58346.871568199	3676
362	LTC	63.95	60.6	62.21	2017-08-29T00:00:00.0000000Z	2017-08-30T00:00:00.0000000Z	32085.284860569	3000
363	LTC	66.0	61.5	63.53	2017-08-30T00:00:00.0000000Z	2017-08-31T00:00:00.0000000Z	30092.770521269	2139
364	LTC	74.78	64.96	65.83	2017-08-31T00:00:00.0000000Z	2017-09-01T00:00:00.0000000Z	82738.403968548	7112
365	LTC	90.09	71.39	72.82	2017-09-01T00:00:00.0000000Z	2017-09-02T00:00:00.0000000Z	171128.009773785	14217
366	LTC	93.62	72.62	87.55	2017-09-02T00:00:00.0000000Z	2017-09-03T00:00:00.0000000Z	158401.369892435	10581
367	LTC	83.92	74.3	79.5	2017-09-03T00:00:00.0000000Z	2017-09-04T00:00:00.0000000Z	62639.341444518	5261
368	LTC	78.74	61.0	78.49	2017-09-04T00:00:00.0000000Z	2017-09-05T00:00:00.0000000Z	123591.884586707	9025
369	LTC	74.36	62.03	67.78	2017-09-05T00:00:00.0000000Z	2017-09-06T00:00:00.0000000Z	103081.451410958	6954
370	LTC	82.32	73.32	73.4	2017-09-06T00:00:00.0000000Z	2017-09-07T00:00:00.0000000Z	57931.985370739	4997
371	LTC	82.97	76.95	81.19	2017-09-07T00:00:00.0000000Z	2017-09-08T00:00:00.0000000Z	38841.360289859	3345
372	LTC	82.17	67.69	80.01	2017-09-08T00:00:00.0000000Z	2017-09-09T00:00:00.0000000Z	152696.48406519	11364
373	LTC	73.62	68.5	73.0	2017-09-09T00:00:00.0000000Z	2017-09-10T00:00:00.0000000Z	40314.799623149	2928
374	LTC	71.08	62.57	70.82	2017-09-10T00:00:00.0000000Z	2017-09-11T00:00:00.0000000Z	92606.496224217	5014
375	LTC	71.0	62.4	66.75	2017-09-11T00:00:00.0000000Z	2017-09-12T00:00:00.0000000Z	75157.564399756	4791
376	LTC	72.07	64.6	68.07	2017-09-12T00:00:00.0000000Z	2017-09-13T00:00:00.0000000Z	70617.49089578	4637
377	LTC	66.39	57.83	66.12	2017-09-13T00:00:00.0000000Z	2017-09-14T00:00:00.0000000Z	116201.813788585	7356
378	LTC	62.47	45.2	61.73	2017-09-14T00:00:00.0000000Z	2017-09-15T00:00:00.0000000Z	253106.517429474	12250
379	LTC	55.41	33.33	45.41	2017-09-15T00:00:00.0000000Z	2017-09-16T00:00:00.0000000Z	413119.97651218	18393
380	LTC	56.82	49.74	51.85	2017-09-16T00:00:00.0000000Z	2017-09-17T00:00:00.0000000Z	83346.826056098	4437
381	LTC	53.1	47.24	51.71	2017-09-17T00:00:00.0000000Z	2017-09-18T00:00:00.0000000Z	35759.051807096	3808
382	LTC	57.5	50.31	50.44	2017-09-18T00:00:00.0000000Z	2017-09-19T00:00:00.0000000Z	84096.921184307	7298
383	LTC	57.15	50.0	56.5	2017-09-19T00:00:00.0000000Z	2017-09-20T00:00:00.0000000Z	90899.979994986	6122
384	LTC	54.5	50.25	52.47	2017-09-20T00:00:00.0000000Z	2017-09-21T00:00:00.0000000Z	55971.224646558	3203
385	LTC	52.41	45.11	51.34	2017-09-21T00:00:00.0000000Z	2017-09-22T00:00:00.0000000Z	66094.744026909	3567
386	LTC	49.08	44.69	46.68	2017-09-22T00:00:00.0000000Z	2017-09-23T00:00:00.0000000Z	86326.666690518	3863
387	LTC	49.76	46.38	47.72	2017-09-23T00:00:00.0000000Z	2017-09-24T00:00:00.0000000Z	28587.55525948	1822
388	LTC	49.37	46.95	49.23	2017-09-24T00:00:00.0000000Z	2017-09-25T00:00:00.0000000Z	23157.39571399	981
389	LTC	53.08	47.49	47.66	2017-09-25T00:00:00.0000000Z	2017-09-26T00:00:00.0000000Z	67280.75114542	3430
390	LTC	54.28	51.24	52.11	2017-09-26T00:00:00.0000000Z	2017-09-27T00:00:00.0000000Z	37617.789740738	2027
391	LTC	57.32	51.92	52.28	2017-09-27T00:00:00.0000000Z	2017-09-28T00:00:00.0000000Z	46214.070404368	3154
392	LTC	57.3	53.99	56.89	2017-09-28T00:00:00.0000000Z	2017-09-29T00:00:00.0000000Z	37753.057483168	2275
393	LTC	55.01	50.5	54.99	2017-09-29T00:00:00.0000000Z	2017-09-30T00:00:00.0000000Z	49134.400786279	2450
394	LTC	55.65	52.63	52.84	2017-09-30T00:00:00.0000000Z	2017-10-01T00:00:00.0000000Z	16965.3733766	1507
395	LTC	55.28	53.06	55.15	2017-10-01T00:00:00.0000000Z	2017-10-02T00:00:00.0000000Z	25009.590100688	1343
396	LTC	54.71	52.82	54.51	2017-10-02T00:00:00.0000000Z	2017-10-03T00:00:00.0000000Z	14129.3330197	968
397	LTC	53.43	51.25	53.0	2017-10-03T00:00:00.0000000Z	2017-10-04T00:00:00.0000000Z	17459.522438779	1056
398	LTC	52.92	50.41	52.14	2017-10-04T00:00:00.0000000Z	2017-10-05T00:00:00.0000000Z	15584.902320659	781
399	LTC	51.9	50.16	51.06	2017-10-05T00:00:00.0000000Z	2017-10-06T00:00:00.0000000Z	21258.673612199	1147
400	XRP	0.0065	0.00645	0.00645	2017-01-25T00:00:00.0000000Z	2017-01-26T00:00:00.0000000Z	535232.11676851	52
401	XRP	0.0065	0.00638	0.0065	2017-01-26T00:00:00.0000000Z	2017-01-27T00:00:00.0000000Z	366651.31917298	30
402	XRP	0.00642	0.00642	0.00642	2017-02-01T00:00:00.0000000Z	2017-02-02T00:00:00.0000000Z	12834.83629132	3
403	XRP	0.00643	0.00626	0.00643	2017-02-07T00:00:00.0000000Z	2017-02-08T00:00:00.0000000Z	375493.55722066	59
404	XRP	0.00648	0.00608	0.00635	2017-02-08T00:00:00.0000000Z	2017-02-09T00:00:00.0000000Z	3180307.94070845	210
405	XRP	0.00643	0.00609	0.00633	2017-02-09T00:00:00.0000000Z	2017-02-10T00:00:00.0000000Z	3668016.47336572	258
406	XRP	0.00635	0.00595	0.00626	2017-02-10T00:00:00.0000000Z	2017-02-11T00:00:00.0000000Z	3304346.37356864	200
407	XRP	0.0064	0.00627	0.00631	2017-02-11T00:00:00.0000000Z	2017-02-12T00:00:00.0000000Z	935322.4501749	52
408	XRP	0.00641	0.00627	0.00638	2017-02-12T00:00:00.0000000Z	2017-02-13T00:00:00.0000000Z	394667.02316645	32
409	XRP	0.00635	0.0062	0.00635	2017-02-13T00:00:00.0000000Z	2017-02-14T00:00:00.0000000Z	4064556.7126455	252
410	XRP	0.00638	0.00621	0.00625	2017-02-14T00:00:00.0000000Z	2017-02-15T00:00:00.0000000Z	3732586.65985723	197
411	XRP	0.00629	0.00593	0.00628	2017-02-15T00:00:00.0000000Z	2017-02-16T00:00:00.0000000Z	6668402.96218602	309
412	XRP	0.00636	0.005	0.00601	2017-02-16T00:00:00.0000000Z	2017-02-17T00:00:00.0000000Z	27743846.73660316	1111
413	XRP	0.00611	0.00546	0.00589	2017-02-17T00:00:00.0000000Z	2017-02-18T00:00:00.0000000Z	17541861.16363875	618
414	XRP	0.006	0.005	0.0059	2017-02-18T00:00:00.0000000Z	2017-02-19T00:00:00.0000000Z	11327977.29138772	377
415	XRP	0.00591	0.00551	0.00556	2017-02-19T00:00:00.0000000Z	2017-02-20T00:00:00.0000000Z	1504903.37659945	122
416	XRP	0.00597	0.00565	0.00591	2017-02-20T00:00:00.0000000Z	2017-02-21T00:00:00.0000000Z	2998005.52623867	173
417	XRP	0.00596	0.00571	0.00596	2017-02-21T00:00:00.0000000Z	2017-02-22T00:00:00.0000000Z	2163503.54869107	103
418	XRP	0.00595	0.00581	0.00589	2017-02-22T00:00:00.0000000Z	2017-02-23T00:00:00.0000000Z	3241254.95643253	79
419	XRP	0.00594	0.00574	0.00582	2017-02-23T00:00:00.0000000Z	2017-02-24T00:00:00.0000000Z	4768633.11031541	166
420	XRP	0.00595	0.0055	0.00584	2017-02-24T00:00:00.0000000Z	2017-02-25T00:00:00.0000000Z	3323913.32556931	265
421	XRP	0.00583	0.0056	0.00571	2017-02-25T00:00:00.0000000Z	2017-02-26T00:00:00.0000000Z	918396.35667594	134
422	XRP	0.00573	0.00562	0.00565	2017-02-26T00:00:00.0000000Z	2017-02-27T00:00:00.0000000Z	468461.13350097	23
423	XRP	0.0057	0.00556	0.0057	2017-02-27T00:00:00.0000000Z	2017-02-28T00:00:00.0000000Z	1400351.05692715	55
424	XRP	0.0057	0.00531	0.00558	2017-02-28T00:00:00.0000000Z	2017-03-01T00:00:00.0000000Z	6349357.05194869	341
425	XRP	0.00558	0.00525	0.00555	2017-03-01T00:00:00.0000000Z	2017-03-02T00:00:00.0000000Z	5703754.55116686	269
426	XRP	0.00635	0.00531	0.00531	2017-03-02T00:00:00.0000000Z	2017-03-03T00:00:00.0000000Z	24300660.96874801	953
427	XRP	0.00651	0.00592	0.00604	2017-03-03T00:00:00.0000000Z	2017-03-04T00:00:00.0000000Z	11877749.38042653	521
428	XRP	0.00668	0.0062	0.00649	2017-03-04T00:00:00.0000000Z	2017-03-05T00:00:00.0000000Z	4581328.2146564	238
429	XRP	0.0063	0.00601	0.0062	2017-03-05T00:00:00.0000000Z	2017-03-06T00:00:00.0000000Z	2896435.72740019	155
430	XRP	0.00618	0.00599	0.00603	2017-03-06T00:00:00.0000000Z	2017-03-07T00:00:00.0000000Z	1824633.52534607	98
431	XRP	0.00687	0.00589	0.00611	2017-03-07T00:00:00.0000000Z	2017-03-08T00:00:00.0000000Z	16244643.99151905	655
432	XRP	0.00692	0.00644	0.00672	2017-03-08T00:00:00.0000000Z	2017-03-09T00:00:00.0000000Z	9100648.30587207	380
433	XRP	0.0066	0.00632	0.00643	2017-03-09T00:00:00.0000000Z	2017-03-10T00:00:00.0000000Z	11739581.37335651	248
434	XRP	0.00669	0.0058	0.0065	2017-03-10T00:00:00.0000000Z	2017-03-11T00:00:00.0000000Z	14864256.80832601	781
435	XRP	0.00642	0.00606	0.00617	2017-03-11T00:00:00.0000000Z	2017-03-12T00:00:00.0000000Z	6286461.04611958	210
436	XRP	0.00634	0.00602	0.00616	2017-03-12T00:00:00.0000000Z	2017-03-13T00:00:00.0000000Z	2297253.25072341	101
437	XRP	0.00648	0.006	0.00624	2017-03-13T00:00:00.0000000Z	2017-03-14T00:00:00.0000000Z	9490971.81379813	271
438	XRP	0.00644	0.00626	0.0064	2017-03-14T00:00:00.0000000Z	2017-03-15T00:00:00.0000000Z	5524513.10109304	134
439	XRP	0.00642	0.00625	0.00639	2017-03-15T00:00:00.0000000Z	2017-03-16T00:00:00.0000000Z	4893343.23967427	115
440	XRP	0.00636	0.00601	0.00625	2017-03-16T00:00:00.0000000Z	2017-03-17T00:00:00.0000000Z	17305480.76931146	426
441	XRP	0.00634	0.00576	0.0063	2017-03-17T00:00:00.0000000Z	2017-03-18T00:00:00.0000000Z	22458093.96306438	524
442	XRP	0.00731	0.006	0.00605	2017-03-18T00:00:00.0000000Z	2017-03-19T00:00:00.0000000Z	39856755.06546754	1015
443	XRP	0.0072	0.00642	0.00674	2017-03-19T00:00:00.0000000Z	2017-03-20T00:00:00.0000000Z	8591413.448949669	404
444	XRP	0.00705	0.00645	0.00672	2017-03-20T00:00:00.0000000Z	2017-03-21T00:00:00.0000000Z	17755849.23703447	478
445	XRP	0.00705	0.00663	0.0069	2017-03-21T00:00:00.0000000Z	2017-03-22T00:00:00.0000000Z	9980443.72703881	283
446	XRP	0.00758	0.00679	0.00683	2017-03-22T00:00:00.0000000Z	2017-03-23T00:00:00.0000000Z	13672338.31162759	449
447	XRP	0.011	0.0072	0.0072	2017-03-23T00:00:00.0000000Z	2017-03-24T00:00:00.0000000Z	37256038.60794884	1197
448	XRP	0.01182	0.00815	0.01079	2017-03-24T00:00:00.0000000Z	2017-03-25T00:00:00.0000000Z	52112701.98231944	1656
449	XRP	0.01084	0.00879	0.01054	2017-03-25T00:00:00.0000000Z	2017-03-26T00:00:00.0000000Z	22048532.29628924	713
450	XRP	0.00982	0.00888	0.009	2017-03-26T00:00:00.0000000Z	2017-03-27T00:00:00.0000000Z	5677720.01517841	241
451	XRP	0.01025	0.009	0.00937	2017-03-27T00:00:00.0000000Z	2017-03-28T00:00:00.0000000Z	20978337.47396908	601
452	XRP	0.00965	0.00906	0.00949	2017-03-28T00:00:00.0000000Z	2017-03-29T00:00:00.0000000Z	14394662.54598646	341
453	XRP	0.01015	0.00946	0.00953	2017-03-29T00:00:00.0000000Z	2017-03-30T00:00:00.0000000Z	12085413.87938344	384
454	XRP	0.0147	0.01016	0.01016	2017-03-30T00:00:00.0000000Z	2017-03-31T00:00:00.0000000Z	47433362.24764201	2008
455	XRP	0.02254	0.01315	0.01349	2017-03-31T00:00:00.0000000Z	2017-04-01T00:00:00.0000000Z	107986329.78182505	4742
456	XRP	0.02323	0.01968	0.0214	2017-04-01T00:00:00.0000000Z	2017-04-02T00:00:00.0000000Z	28914980.91894544	1555
457	XRP	0.0695	0.0075	0.022	2017-04-02T00:00:00.0000000Z	2017-04-03T00:00:00.0000000Z	148469564.472696	9363
458	XRP	0.062	0.025	0.0615	2017-04-03T00:00:00.0000000Z	2017-04-04T00:00:00.0000000Z	91948768.04367384	5835
459	XRP	0.0429	0.0269	0.0322	2017-04-04T00:00:00.0000000Z	2017-04-05T00:00:00.0000000Z	54324842.86038647	3607
460	XRP	0.04108	0.035	0.03786	2017-04-05T00:00:00.0000000Z	2017-04-06T00:00:00.0000000Z	33560099.72196952	2084
461	XRP	0.03728	0.029	0.03557	2017-04-06T00:00:00.0000000Z	2017-04-07T00:00:00.0000000Z	32897644.831134178	1826
462	XRP	0.03873	0.03086	0.03269	2017-04-07T00:00:00.0000000Z	2017-04-08T00:00:00.0000000Z	38970765.71690976	2555
463	XRP	0.0378	0.03515	0.03714	2017-04-08T00:00:00.0000000Z	2017-04-09T00:00:00.0000000Z	14594390.60564032	1050
464	XRP	0.03578	0.03251	0.03578	2017-04-09T00:00:00.0000000Z	2017-04-10T00:00:00.0000000Z	8748607.56085895	744
465	XRP	0.0359	0.0332	0.03475	2017-04-10T00:00:00.0000000Z	2017-04-11T00:00:00.0000000Z	10376371.66867896	618
466	XRP	0.03513	0.032	0.03406	2017-04-11T00:00:00.0000000Z	2017-04-12T00:00:00.0000000Z	12537943.29824981	605
467	XRP	0.0356	0.0322	0.03305	2017-04-12T00:00:00.0000000Z	2017-04-13T00:00:00.0000000Z	12568596.43302046	703
468	XRP	0.03562	0.0337	0.03455	2017-04-13T00:00:00.0000000Z	2017-04-14T00:00:00.0000000Z	14319851.77158523	889
469	XRP	0.03525	0.033	0.0343	2017-04-14T00:00:00.0000000Z	2017-04-15T00:00:00.0000000Z	8364050.404891979	628
470	XRP	0.035	0.03315	0.03343	2017-04-15T00:00:00.0000000Z	2017-04-16T00:00:00.0000000Z	2797799.41395032	232
471	XRP	0.03395	0.03251	0.03356	2017-04-16T00:00:00.0000000Z	2017-04-17T00:00:00.0000000Z	3295953.34647833	303
472	XRP	0.03386	0.03246	0.03274	2017-04-17T00:00:00.0000000Z	2017-04-18T00:00:00.0000000Z	2096295.95139297	182
473	XRP	0.03419	0.0322	0.03311	2017-04-18T00:00:00.0000000Z	2017-04-19T00:00:00.0000000Z	9825879.13511135	467
474	XRP	0.03319	0.02816	0.03272	2017-04-19T00:00:00.0000000Z	2017-04-20T00:00:00.0000000Z	12887583.149978958	777
475	XRP	0.03104	0.02643	0.02954	2017-04-20T00:00:00.0000000Z	2017-04-21T00:00:00.0000000Z	23461824.93025467	1331
476	XRP	0.0347	0.02945	0.02994	2017-04-21T00:00:00.0000000Z	2017-04-22T00:00:00.0000000Z	20716205.95970341	1369
477	XRP	0.03401	0.03033	0.03302	2017-04-22T00:00:00.0000000Z	2017-04-23T00:00:00.0000000Z	6356628.200839429	361
478	XRP	0.03214	0.03102	0.0316	2017-04-23T00:00:00.0000000Z	2017-04-24T00:00:00.0000000Z	2427946.13566513	155
479	XRP	0.032	0.0309	0.0315	2017-04-24T00:00:00.0000000Z	2017-04-25T00:00:00.0000000Z	3943076.14007657	239
480	XRP	0.03421	0.03108	0.03132	2017-04-25T00:00:00.0000000Z	2017-04-26T00:00:00.0000000Z	10300819.57732823	728
481	XRP	0.03392	0.03251	0.03259	2017-04-26T00:00:00.0000000Z	2017-04-27T00:00:00.0000000Z	9292451.34612142	597
482	XRP	0.0368	0.03225	0.03292	2017-04-27T00:00:00.0000000Z	2017-04-28T00:00:00.0000000Z	13627092.81989492	905
483	XRP	0.04612	0.03487	0.03528	2017-04-28T00:00:00.0000000Z	2017-04-29T00:00:00.0000000Z	45342270.83059291	2754
484	XRP	0.05952	0.04499	0.04499	2017-04-29T00:00:00.0000000Z	2017-04-30T00:00:00.0000000Z	37098759.464065	2415
485	XRP	0.05499	0.04902	0.0536	2017-04-30T00:00:00.0000000Z	2017-05-01T00:00:00.0000000Z	11574127.23633206	939
486	XRP	0.05811	0.04903	0.0517	2017-05-01T00:00:00.0000000Z	2017-05-02T00:00:00.0000000Z	28911691.04730709	2205
487	XRP	0.05527	0.0505	0.05415	2017-05-02T00:00:00.0000000Z	2017-05-03T00:00:00.0000000Z	13482579.43463832	1060
488	XRP	0.06199	0.05245	0.05358	2017-05-03T00:00:00.0000000Z	2017-05-04T00:00:00.0000000Z	28234094.26087347	4820
489	XRP	0.08793	0.06	0.06088	2017-05-04T00:00:00.0000000Z	2017-05-05T00:00:00.0000000Z	82044377.29732823	9793
490	XRP	0.105	0.07776	0.08	2017-05-05T00:00:00.0000000Z	2017-05-06T00:00:00.0000000Z	67779683.04447132	6957
491	XRP	0.1039	0.09029	0.09029	2017-05-06T00:00:00.0000000Z	2017-05-07T00:00:00.0000000Z	23429118.22627751	2819
492	XRP	0.155	0.09725	0.10118	2017-05-07T00:00:00.0000000Z	2017-05-08T00:00:00.0000000Z	55057377.48865881	5929
493	XRP	0.22395	0.1121	0.139	2017-05-08T00:00:00.0000000Z	2017-05-09T00:00:00.0000000Z	93469265.42312546	14398
494	XRP	0.207	0.112	0.1917	2017-05-09T00:00:00.0000000Z	2017-05-10T00:00:00.0000000Z	49824389.25028308	5816
495	XRP	0.19795	0.151	0.15638	2017-05-10T00:00:00.0000000Z	2017-05-11T00:00:00.0000000Z	25777230.40276685	3827
496	XRP	0.19735	0.16183	0.18699	2017-05-11T00:00:00.0000000Z	2017-05-12T00:00:00.0000000Z	22598093.55366379	4155
497	XRP	0.21	0.1806	0.18478	2017-05-12T00:00:00.0000000Z	2017-05-13T00:00:00.0000000Z	20434515.476843387	3312
498	XRP	0.222	0.1951	0.20365	2017-05-13T00:00:00.0000000Z	2017-05-14T00:00:00.0000000Z	17393866.04101173	3075
499	XRP	0.22	0.20755	0.2106	2017-05-14T00:00:00.0000000Z	2017-05-15T00:00:00.0000000Z	6314896.568161919	1358
500	ETC	1.9659	1.685	1.7943	2016-07-28T00:00:00.0000000Z	2016-07-29T00:00:00.0000000Z	194328.31839968	4288
501	ETC	1.799	1.55	1.7289	2016-07-29T00:00:00.0000000Z	2016-07-30T00:00:00.0000000Z	494860.56307925	8121
502	ETC	1.71	1.538	1.647	2016-07-30T00:00:00.0000000Z	2016-07-31T00:00:00.0000000Z	229644.6278901	4340
503	ETC	1.934	1.5575	1.5767	2016-07-31T00:00:00.0000000Z	2016-08-01T00:00:00.0000000Z	590927.012835379	6237
504	ETC	2.425	1.78	1.7988	2016-08-01T00:00:00.0000000Z	2016-08-02T00:00:00.0000000Z	1109413.016845229	6994
505	ETC	2.9535	2.3	2.3775	2016-08-02T00:00:00.0000000Z	2016-08-03T00:00:00.0000000Z	1828720.08391295	15313
506	ETC	1.96	1.505	1.75	2016-08-10T00:00:00.0000000Z	2016-08-11T00:00:00.0000000Z	176763.02226968	1066
507	ETC	1.96	1.556	1.65	2016-08-11T00:00:00.0000000Z	2016-08-12T00:00:00.0000000Z	233142.42531251	1751
508	ETC	2.35	1.7693	1.85	2016-08-12T00:00:00.0000000Z	2016-08-13T00:00:00.0000000Z	207057.3417855	2107
509	ETC	1.9	1.809	1.847	2016-08-13T00:00:00.0000000Z	2016-08-14T00:00:00.0000000Z	90330.65063072	852
510	ETC	1.9837	1.8548	1.857	2016-08-14T00:00:00.0000000Z	2016-08-15T00:00:00.0000000Z	186696.10485357	1393
511	ETC	2.03	1.8256	1.9241	2016-08-15T00:00:00.0000000Z	2016-08-16T00:00:00.0000000Z	173628.08043635	1302
512	ETC	1.895	1.7757	1.853	2016-08-16T00:00:00.0000000Z	2016-08-17T00:00:00.0000000Z	48267.61917979	608
513	ETC	1.8717	1.6991	1.8501	2016-08-17T00:00:00.0000000Z	2016-08-18T00:00:00.0000000Z	122922.19100528	851
514	ETC	1.775	1.65	1.7429	2016-08-18T00:00:00.0000000Z	2016-08-19T00:00:00.0000000Z	88088.76496136	667
515	ETC	1.8126	1.6046	1.68	2016-08-19T00:00:00.0000000Z	2016-08-20T00:00:00.0000000Z	155351.54866639	1223
516	ETC	1.7878	1.6721	1.766	2016-08-20T00:00:00.0000000Z	2016-08-21T00:00:00.0000000Z	66069.22612929	365
517	ETC	1.7836	1.6924	1.75	2016-08-21T00:00:00.0000000Z	2016-08-22T00:00:00.0000000Z	40869.0888306	393
518	ETC	1.75	1.62	1.723	2016-08-22T00:00:00.0000000Z	2016-08-23T00:00:00.0000000Z	212135.0765238	964
519	ETC	1.6842	1.556	1.679	2016-08-23T00:00:00.0000000Z	2016-08-24T00:00:00.0000000Z	292339.59613002	1300
520	ETC	1.6477	1.4371	1.61	2016-08-24T00:00:00.0000000Z	2016-08-25T00:00:00.0000000Z	314572.35837228	1517
521	ETC	1.4663	1.2601	1.4432	2016-08-25T00:00:00.0000000Z	2016-08-26T00:00:00.0000000Z	825824.214861319	2606
522	ETC	1.4777	1.3059	1.3671	2016-08-26T00:00:00.0000000Z	2016-08-27T00:00:00.0000000Z	539626.8264403	2241
523	ETC	1.455	1.326	1.4341	2016-08-27T00:00:00.0000000Z	2016-08-28T00:00:00.0000000Z	252049.250331529	1281
524	ETC	1.3699	1.285	1.3365	2016-08-28T00:00:00.0000000Z	2016-08-29T00:00:00.0000000Z	365277.55312818	1225
525	ETC	1.3422	1.2375	1.3262	2016-08-29T00:00:00.0000000Z	2016-08-30T00:00:00.0000000Z	518749.46474709	1872
526	ETC	1.3564	1.1614	1.2602	2016-08-30T00:00:00.0000000Z	2016-08-31T00:00:00.0000000Z	1041753.326679796	1425
527	ETC	1.295	1.16	1.2456	2016-08-31T00:00:00.0000000Z	2016-09-01T00:00:00.0000000Z	362896.972824258	1158
528	ETC	1.4999	1.1717	1.192	2016-09-01T00:00:00.0000000Z	2016-09-02T00:00:00.0000000Z	999311.235356659	2225
529	ETC	1.4765	1.3645	1.451	2016-09-02T00:00:00.0000000Z	2016-09-03T00:00:00.0000000Z	305628.94070495	1385
530	ETC	1.413	1.33	1.4094	2016-09-03T00:00:00.0000000Z	2016-09-04T00:00:00.0000000Z	80179.29403384	527
531	ETC	1.4776	1.34	1.3798	2016-09-04T00:00:00.0000000Z	2016-09-05T00:00:00.0000000Z	214926.888748339	873
532	ETC	1.5477	1.4421	1.4431	2016-09-05T00:00:00.0000000Z	2016-09-06T00:00:00.0000000Z	144952.96142681	835
533	ETC	1.5279	1.4423	1.464	2016-09-06T00:00:00.0000000Z	2016-09-07T00:00:00.0000000Z	149221.77053465	612
534	ETC	1.4983	1.44	1.4718	2016-09-07T00:00:00.0000000Z	2016-09-08T00:00:00.0000000Z	236873.27102275	697
535	ETC	1.5333	1.448	1.487	2016-09-08T00:00:00.0000000Z	2016-09-09T00:00:00.0000000Z	132041.94228044	560
536	ETC	1.4492	1.3811	1.448	2016-09-09T00:00:00.0000000Z	2016-09-10T00:00:00.0000000Z	183671.41291252	878
537	ETC	1.45	1.4	1.4005	2016-09-10T00:00:00.0000000Z	2016-09-11T00:00:00.0000000Z	132392.65297652	1091
538	ETC	1.4374	1.331	1.4224	2016-09-11T00:00:00.0000000Z	2016-09-12T00:00:00.0000000Z	632923.683912379	4515
539	ETC	1.3605	1.31	1.3351	2016-09-12T00:00:00.0000000Z	2016-09-13T00:00:00.0000000Z	169640.46490829	516
540	ETC	1.3348	1.2763	1.3301	2016-09-13T00:00:00.0000000Z	2016-09-14T00:00:00.0000000Z	215825.86821494	982
541	ETC	1.3314	1.25	1.2907	2016-09-14T00:00:00.0000000Z	2016-09-15T00:00:00.0000000Z	212326.32303529	655
542	ETC	1.3122	1.2822	1.2951	2016-09-15T00:00:00.0000000Z	2016-09-16T00:00:00.0000000Z	120690.43944001	431
543	ETC	1.3408	1.279	1.2861	2016-09-16T00:00:00.0000000Z	2016-09-17T00:00:00.0000000Z	174980.08221662	646
544	ETC	1.3342	1.3073	1.3251	2016-09-17T00:00:00.0000000Z	2016-09-18T00:00:00.0000000Z	105030.02651469	579
545	ETC	1.3611	1.3218	1.3241	2016-09-18T00:00:00.0000000Z	2016-09-19T00:00:00.0000000Z	282225.87428557	851
546	ETC	1.328	1.2772	1.3259	2016-09-19T00:00:00.0000000Z	2016-09-20T00:00:00.0000000Z	114448.83882765	415
547	ETC	1.2801	1.2266	1.28	2016-09-20T00:00:00.0000000Z	2016-09-21T00:00:00.0000000Z	219921.42072597	877
548	ETC	1.265	1.1899	1.2327	2016-09-21T00:00:00.0000000Z	2016-09-22T00:00:00.0000000Z	437231.842756239	1431
549	ETC	1.3415	1.12	1.22	2016-09-22T00:00:00.0000000Z	2016-09-23T00:00:00.0000000Z	495890.30278293	1418
550	ETC	1.3	1.2075	1.2569	2016-09-23T00:00:00.0000000Z	2016-09-24T00:00:00.0000000Z	109742.37311534	481
551	ETC	1.2568	1.223	1.2379	2016-09-24T00:00:00.0000000Z	2016-09-25T00:00:00.0000000Z	110120.11862927	351
552	ETC	1.2547	1.21	1.2464	2016-09-25T00:00:00.0000000Z	2016-09-26T00:00:00.0000000Z	50420.51099118	210
553	ETC	1.2244	1.2	1.2123	2016-09-26T00:00:00.0000000Z	2016-09-27T00:00:00.0000000Z	111649.20760639	654
554	ETC	1.2089	1.1618	1.2022	2016-09-27T00:00:00.0000000Z	2016-09-28T00:00:00.0000000Z	55826.37855992	268
555	ETC	1.269	1.1912	1.2	2016-09-28T00:00:00.0000000Z	2016-09-29T00:00:00.0000000Z	243296.83180961	866
556	ETC	1.2873	1.2271	1.2445	2016-09-29T00:00:00.0000000Z	2016-09-30T00:00:00.0000000Z	93616.22038186	610
557	ETC	1.2718	1.241	1.27	2016-09-30T00:00:00.0000000Z	2016-10-01T00:00:00.0000000Z	55321.58243684	278
558	ETC	1.2653	1.1628	1.2552	2016-10-01T00:00:00.0000000Z	2016-10-02T00:00:00.0000000Z	68712.89974916	378
559	ETC	1.2199	1.17	1.19	2016-10-02T00:00:00.0000000Z	2016-10-03T00:00:00.0000000Z	112581.037068099	364
560	ETC	1.22	1.16	1.192	2016-10-03T00:00:00.0000000Z	2016-10-04T00:00:00.0000000Z	75686.9045421	326
561	ETC	1.2042	1.1266	1.2004	2016-10-04T00:00:00.0000000Z	2016-10-05T00:00:00.0000000Z	138840.35972956	570
562	ETC	1.23	1.155	1.159	2016-10-05T00:00:00.0000000Z	2016-10-06T00:00:00.0000000Z	117009.13957287	443
563	ETC	1.193	1.1611	1.1881	2016-10-06T00:00:00.0000000Z	2016-10-07T00:00:00.0000000Z	17896.10667586	114
564	ETC	1.1885	1.1573	1.1724	2016-10-07T00:00:00.0000000Z	2016-10-08T00:00:00.0000000Z	15301.82870082	124
565	ETC	1.1989	1.163	1.179	2016-10-08T00:00:00.0000000Z	2016-10-09T00:00:00.0000000Z	12731.05673653	125
566	ETC	1.1913	1.1659	1.1839	2016-10-09T00:00:00.0000000Z	2016-10-10T00:00:00.0000000Z	10847.59620946	150
567	ETC	1.1787	1.15	1.17	2016-10-10T00:00:00.0000000Z	2016-10-11T00:00:00.0000000Z	44188.97868433	248
568	ETC	1.181	1.1	1.1563	2016-10-11T00:00:00.0000000Z	2016-10-12T00:00:00.0000000Z	283905.162453549	746
569	ETC	1.1126	1.0105	1.1	2016-10-12T00:00:00.0000000Z	2016-10-13T00:00:00.0000000Z	234671.07471098	667
570	ETC	1.0548	0.983	1.0325	2016-10-13T00:00:00.0000000Z	2016-10-14T00:00:00.0000000Z	214928.22868635	676
571	ETC	1.0164	0.99	1.0164	2016-10-14T00:00:00.0000000Z	2016-10-15T00:00:00.0000000Z	63560.0402998	183
572	ETC	1.0088	0.9921	1.001	2016-10-15T00:00:00.0000000Z	2016-10-16T00:00:00.0000000Z	6830.62520119	70
573	ETC	1.2349	0.9922	0.9922	2016-10-16T00:00:00.0000000Z	2016-10-17T00:00:00.0000000Z	174528.27758238	755
574	ETC	1.2048	1.0652	1.2048	2016-10-17T00:00:00.0000000Z	2016-10-18T00:00:00.0000000Z	145068.13423557	692
575	ETC	1.0742	1.0189	1.0736	2016-10-18T00:00:00.0000000Z	2016-10-19T00:00:00.0000000Z	103576.35779678	421
576	ETC	1.0887	1.0231	1.057	2016-10-19T00:00:00.0000000Z	2016-10-20T00:00:00.0000000Z	47295.05470411	272
577	ETC	1.064	1.0376	1.058	2016-10-20T00:00:00.0000000Z	2016-10-21T00:00:00.0000000Z	12272.01504799	249
578	ETC	1.07	1.0262	1.0475	2016-10-21T00:00:00.0000000Z	2016-10-22T00:00:00.0000000Z	32459.87040198	171
579	ETC	1.0736	1.0282	1.0329	2016-10-22T00:00:00.0000000Z	2016-10-23T00:00:00.0000000Z	29947.93523286	281
580	ETC	1.065	1.0367	1.0543	2016-10-23T00:00:00.0000000Z	2016-10-24T00:00:00.0000000Z	36944.52493784	155
581	ETC	1.0616	1.0246	1.0421	2016-10-24T00:00:00.0000000Z	2016-10-25T00:00:00.0000000Z	68646.658842519	310
582	ETC	1.0446	1.01	1.0327	2016-10-25T00:00:00.0000000Z	2016-10-26T00:00:00.0000000Z	49200.70767863	282
583	ETC	1.045	1.0162	1.0205	2016-10-26T00:00:00.0000000Z	2016-10-27T00:00:00.0000000Z	79747.20371944	299
584	ETC	1.0428	0.99001	1.0311	2016-10-27T00:00:00.0000000Z	2016-10-28T00:00:00.0000000Z	186124.13705777	632
585	ETC	0.9982	0.95	0.9973	2016-10-28T00:00:00.0000000Z	2016-10-29T00:00:00.0000000Z	183571.46913939	709
586	ETC	0.9745	0.873	0.95001	2016-10-29T00:00:00.0000000Z	2016-10-30T00:00:00.0000000Z	352788.91726129	1061
587	ETC	0.9534	0.88361	0.89689	2016-10-30T00:00:00.0000000Z	2016-10-31T00:00:00.0000000Z	161640.04682272	549
588	ETC	0.93278	0.8959	0.93278	2016-10-31T00:00:00.0000000Z	2016-11-01T00:00:00.0000000Z	81316.21582337	367
589	ETC	0.905	0.8706	0.9008	2016-11-01T00:00:00.0000000Z	2016-11-02T00:00:00.0000000Z	129553.84321982	615
590	ETC	0.90717	0.88	0.8851	2016-11-02T00:00:00.0000000Z	2016-11-03T00:00:00.0000000Z	39471.4585878	253
591	ETC	0.92239	0.8847	0.89691	2016-11-03T00:00:00.0000000Z	2016-11-04T00:00:00.0000000Z	78521.89379755	336
592	ETC	1.0199	0.89719	0.90231	2016-11-04T00:00:00.0000000Z	2016-11-05T00:00:00.0000000Z	153604.02931378	526
593	ETC	1.0703	0.96	0.9769	2016-11-05T00:00:00.0000000Z	2016-11-06T00:00:00.0000000Z	109844.61054041	731
594	ETC	1.047	0.97562	1.047	2016-11-06T00:00:00.0000000Z	2016-11-07T00:00:00.0000000Z	57572.61527263	487
595	ETC	1.0001	0.9148	0.991	2016-11-07T00:00:00.0000000Z	2016-11-08T00:00:00.0000000Z	65952.07872934	276
596	ETC	0.955	0.92271	0.9381	2016-11-08T00:00:00.0000000Z	2016-11-09T00:00:00.0000000Z	33929.19643643	164
597	ETC	0.94	0.901	0.93912	2016-11-09T00:00:00.0000000Z	2016-11-10T00:00:00.0000000Z	39978.93861576	266
598	ETC	0.9624	0.9011	0.9179	2016-11-10T00:00:00.0000000Z	2016-11-11T00:00:00.0000000Z	47833.8060065	264
599	ETC	0.9349	0.89883	0.9211	2016-11-11T00:00:00.0000000Z	2016-11-12T00:00:00.0000000Z	27801.18380199	169
600	NEO	39.8	28.144	34.95	2017-09-07T00:00:00.0000000Z	2017-09-08T00:00:00.0000000Z	195531.52362663	10299
601	NEO	31.39	22.32	31.003	2017-09-08T00:00:00.0000000Z	2017-09-09T00:00:00.0000000Z	296027.1755769	9631
602	NEO	25.924	22.18	25.89	2017-09-09T00:00:00.0000000Z	2017-09-10T00:00:00.0000000Z	133128.76437294	5378
603	NEO	25.4	19.529	22.59	2017-09-10T00:00:00.0000000Z	2017-09-11T00:00:00.0000000Z	172473.13192489	5913
604	NEO	24.5	21.509	23.773	2017-09-11T00:00:00.0000000Z	2017-09-12T00:00:00.0000000Z	79796.22787584	3137
605	NEO	23.8	19.88	21.854	2017-09-12T00:00:00.0000000Z	2017-09-13T00:00:00.0000000Z	147377.57802081	5615
606	NEO	21.395	17.534	20.75	2017-09-13T00:00:00.0000000Z	2017-09-14T00:00:00.0000000Z	144270.36913976	5924
607	NEO	20.986	14.7	20.1	2017-09-14T00:00:00.0000000Z	2017-09-15T00:00:00.0000000Z	170052.66499031	6600
608	NEO	19.33	13.19	15.8	2017-09-15T00:00:00.0000000Z	2017-09-16T00:00:00.0000000Z	240144.38735151	7904
609	NEO	23.197	18.25	18.58	2017-09-16T00:00:00.0000000Z	2017-09-17T00:00:00.0000000Z	177575.92380705	6371
610	NEO	20.496	18.204	20.354	2017-09-17T00:00:00.0000000Z	2017-09-18T00:00:00.0000000Z	61551.33836241	2688
611	NEO	21.399	19.512	19.947	2017-09-18T00:00:00.0000000Z	2017-09-19T00:00:00.0000000Z	135649.87942933	5031
612	NEO	21.919	18.9	21.1	2017-09-19T00:00:00.0000000Z	2017-09-20T00:00:00.0000000Z	172849.42345043	6595
613	NEO	20.6	19.506	19.89	2017-09-20T00:00:00.0000000Z	2017-09-21T00:00:00.0000000Z	76379.6577064	2935
614	NEO	19.969	16.562	19.727	2017-09-21T00:00:00.0000000Z	2017-09-22T00:00:00.0000000Z	142266.01861221	4229
615	NEO	19.5	16.992	17.273	2017-09-22T00:00:00.0000000Z	2017-09-23T00:00:00.0000000Z	109065.5602432	3243
616	NEO	20.6	18.167	18.588	2017-09-23T00:00:00.0000000Z	2017-09-24T00:00:00.0000000Z	89539.96781671	3662
617	NEO	20.38	19.1	20.173	2017-09-24T00:00:00.0000000Z	2017-09-25T00:00:00.0000000Z	45314.17268657	1420
618	NEO	27.4	19.554	19.581	2017-09-25T00:00:00.0000000Z	2017-09-26T00:00:00.0000000Z	597179.64313209	16733
619	NEO	27.356	24.377	25.9	2017-09-26T00:00:00.0000000Z	2017-09-27T00:00:00.0000000Z	525013.64044025	18021
620	NEO	34.01	26.395	26.405	2017-09-27T00:00:00.0000000Z	2017-09-28T00:00:00.0000000Z	1157394.94535206	31369
621	NEO	32.8	27.61	31.866	2017-09-28T00:00:00.0000000Z	2017-09-29T00:00:00.0000000Z	753447.35873833	23571
622	NEO	30.5	26.081	29.848	2017-09-29T00:00:00.0000000Z	2017-09-30T00:00:00.0000000Z	610633.77994257	20725
623	NEO	34.489	28.457	28.623	2017-09-30T00:00:00.0000000Z	2017-10-01T00:00:00.0000000Z	684863.40752731	20710
624	NEO	36.0	31.85	34.2	2017-10-01T00:00:00.0000000Z	2017-10-02T00:00:00.0000000Z	541279.1065471	18239
625	NEO	38.939	34.56	35.646	2017-10-02T00:00:00.0000000Z	2017-10-03T00:00:00.0000000Z	865977.89717375	31517
626	NEO	36.881	31.9	36.58	2017-10-03T00:00:00.0000000Z	2017-10-04T00:00:00.0000000Z	619554.69632123	23862
627	NEO	35.235	30.1	33.537	2017-10-04T00:00:00.0000000Z	2017-10-05T00:00:00.0000000Z	497727.3591487	18524
628	NEO	33.68	28.76	31.19	2017-10-05T00:00:00.0000000Z	2017-10-06T00:00:00.0000000Z	651763.607029	20042
629	NEO	34.49	32.001	32.25	2017-10-06T00:00:00.0000000Z	2017-10-07T00:00:00.0000000Z	371457.65431234	13480
630	NEO	36.373	33.05	33.43	2017-10-07T00:00:00.0000000Z	2017-10-08T00:00:00.0000000Z	260400.08492947	9163
631	NEO	37.225	31.01	35.878	2017-10-08T00:00:00.0000000Z	2017-10-09T00:00:00.0000000Z	755912.8652499	24639
632	NEO	33.0	26.589	32.14	2017-10-09T00:00:00.0000000Z	2017-10-10T00:00:00.0000000Z	764381.83116185	25296
633	NEO	31.524	28.0	29.077	2017-10-10T00:00:00.0000000Z	2017-10-11T00:00:00.0000000Z	309980.02526611	13999
634	NEO	31.307	29.323	29.333	2017-10-11T00:00:00.0000000Z	2017-10-12T00:00:00.0000000Z	195833.89339061	9394
635	NEO	30.479	27.501	30.002	2017-10-12T00:00:00.0000000Z	2017-10-13T00:00:00.0000000Z	329855.89105845	11965
636	NEO	29.85	26.619	28.056	2017-10-13T00:00:00.0000000Z	2017-10-14T00:00:00.0000000Z	454948.23205987	15796
637	NEO	29.65	27.566	29.425	2017-10-14T00:00:00.0000000Z	2017-10-15T00:00:00.0000000Z	153808.07627196	6991
638	NEO	28.4	27.001	27.73	2017-10-15T00:00:00.0000000Z	2017-10-16T00:00:00.0000000Z	181228.97286819	8739
639	NEO	29.083	27.0	27.898	2017-10-16T00:00:00.0000000Z	2017-10-17T00:00:00.0000000Z	227939.26945233	10183
640	NEO	32.775	27.67	28.536	2017-10-17T00:00:00.0000000Z	2017-10-18T00:00:00.0000000Z	510772.86235666	20501
641	NEO	31.749	28.221	31.647	2017-10-18T00:00:00.0000000Z	2017-10-19T00:00:00.0000000Z	339580.2056781	13113
642	NEO	30.075	28.476	29.587	2017-10-19T00:00:00.0000000Z	2017-10-20T00:00:00.0000000Z	141974.3732687	7295
643	NEO	29.65	27.67	28.77	2017-10-20T00:00:00.0000000Z	2017-10-21T00:00:00.0000000Z	201012.78750694	7674
644	NEO	28.257	25.83	27.68	2017-10-21T00:00:00.0000000Z	2017-10-22T00:00:00.0000000Z	176454.34188698	7069
645	NEO	29.647	26.918	27.198	2017-10-22T00:00:00.0000000Z	2017-10-23T00:00:00.0000000Z	195330.45893857	8471
646	NEO	28.587	26.5	28.552	2017-10-23T00:00:00.0000000Z	2017-10-24T00:00:00.0000000Z	149171.68187749	5719
647	NEO	32.619	26.8	27.952	2017-10-24T00:00:00.0000000Z	2017-10-25T00:00:00.0000000Z	395360.42403517	14328
648	NEO	30.37	28.46	30.065	2017-10-25T00:00:00.0000000Z	2017-10-26T00:00:00.0000000Z	104352.24111511	5018
649	NEO	29.344	27.71	28.621	2017-10-26T00:00:00.0000000Z	2017-10-27T00:00:00.0000000Z	106656.24527138	4011
650	NEO	29.341	28.2	28.32	2017-10-27T00:00:00.0000000Z	2017-10-28T00:00:00.0000000Z	58975.21152605	2872
651	NEO	29.027	27.0	28.883	2017-10-28T00:00:00.0000000Z	2017-10-29T00:00:00.0000000Z	76343.47193825	3411
652	NEO	28.6	27.01	27.313	2017-10-29T00:00:00.0000000Z	2017-10-30T00:00:00.0000000Z	79141.19339538	3571
653	NEO	29.572	27.652	27.7	2017-10-30T00:00:00.0000000Z	2017-10-31T00:00:00.0000000Z	88525.38656465	3942
654	NEO	31.89	28.071	28.845	2017-10-31T00:00:00.0000000Z	2017-11-01T00:00:00.0000000Z	329970.03707998	8255
655	NEO	28.511	26.618	28.326	2017-11-01T00:00:00.0000000Z	2017-11-02T00:00:00.0000000Z	258245.67929209	8968
656	NEO	26.933	22.522	26.7	2017-11-02T00:00:00.0000000Z	2017-11-03T00:00:00.0000000Z	386114.0190901	11530
657	NEO	26.884	24.299	24.561	2017-11-03T00:00:00.0000000Z	2017-11-04T00:00:00.0000000Z	149474.61182062	6314
658	NEO	27.7	25.759	26.516	2017-11-04T00:00:00.0000000Z	2017-11-05T00:00:00.0000000Z	130349.77413485	4560
659	NEO	26.595	25.591	26.465	2017-11-05T00:00:00.0000000Z	2017-11-06T00:00:00.0000000Z	85689.25995336	3023
660	NEO	26.84	25.902	26.417	2017-11-06T00:00:00.0000000Z	2017-11-07T00:00:00.0000000Z	69186.27962374	3464
661	NEO	26.754	25.01	26.271	2017-11-07T00:00:00.0000000Z	2017-11-08T00:00:00.0000000Z	653814.15788604	6737
662	NEO	32.749	25.866	26.18	2017-11-08T00:00:00.0000000Z	2017-11-09T00:00:00.0000000Z	607176.69627541	16306
663	NEO	33.2	28.4	30.373	2017-11-09T00:00:00.0000000Z	2017-11-10T00:00:00.0000000Z	638145.79476189	11957
664	NEO	32.5	26.45	31.97	2017-11-10T00:00:00.0000000Z	2017-11-11T00:00:00.0000000Z	369209.16122176	10779
665	NEO	29.861	27.13	28.0	2017-11-11T00:00:00.0000000Z	2017-11-12T00:00:00.0000000Z	205387.66576704	9719
666	NEO	28.502	25.0	28.359	2017-11-12T00:00:00.0000000Z	2017-11-13T00:00:00.0000000Z	308932.36063203	14130
667	NEO	28.751	26.5	26.732	2017-11-13T00:00:00.0000000Z	2017-11-14T00:00:00.0000000Z	168225.20153826	7844
668	NEO	30.0	27.609	28.242	2017-11-14T00:00:00.0000000Z	2017-11-15T00:00:00.0000000Z	221950.71444374	7533
669	NEO	30.467	27.946	29.599	2017-11-15T00:00:00.0000000Z	2017-11-16T00:00:00.0000000Z	206041.36692592	6895
670	NEO	29.935	28.45	29.375	2017-11-16T00:00:00.0000000Z	2017-11-17T00:00:00.0000000Z	157119.1138339	6196
671	NEO	41.5	28.38	28.747	2017-11-17T00:00:00.0000000Z	2017-11-18T00:00:00.0000000Z	1133672.11933585	32655
672	NEO	48.45	36.0	40.506	2017-11-18T00:00:00.0000000Z	2017-11-19T00:00:00.0000000Z	2353692.21615729	72827
673	NEO	45.685	36.65	42.904	2017-11-19T00:00:00.0000000Z	2017-11-20T00:00:00.0000000Z	1607556.49806178	53149
674	NEO	43.502	35.33	40.0	2017-11-20T00:00:00.0000000Z	2017-11-21T00:00:00.0000000Z	1515153.14449091	54242
675	NEO	37.42	32.854	35.844	2017-11-21T00:00:00.0000000Z	2017-11-22T00:00:00.0000000Z	994572.0791143	36838
676	NEO	37.25	34.36	34.366	2017-11-22T00:00:00.0000000Z	2017-11-23T00:00:00.0000000Z	508312.63534159	18405
677	NEO	36.461	34.0	35.87	2017-11-23T00:00:00.0000000Z	2017-11-24T00:00:00.0000000Z	366473.48011545	16018
678	NEO	35.789	33.359	34.578	2017-11-24T00:00:00.0000000Z	2017-11-25T00:00:00.0000000Z	319544.72000895	13290
679	NEO	40.149	34.5	34.897	2017-11-25T00:00:00.0000000Z	2017-11-26T00:00:00.0000000Z	801246.03837707	26267
680	NEO	39.4	37.41	38.012	2017-11-26T00:00:00.0000000Z	2017-11-27T00:00:00.0000000Z	257713.92386548	11245
681	NEO	41.999	37.986	38.163	2017-11-27T00:00:00.0000000Z	2017-11-28T00:00:00.0000000Z	503801.31395017	18348
682	NEO	40.099	36.954	40.099	2017-11-28T00:00:00.0000000Z	2017-11-29T00:00:00.0000000Z	397394.21392895	17760
683	NEO	39.563	29.573	37.898	2017-11-29T00:00:00.0000000Z	2017-11-30T00:00:00.0000000Z	685255.14293887	28416
684	NEO	34.61	29.019	31.646	2017-11-30T00:00:00.0000000Z	2017-12-01T00:00:00.0000000Z	554926.75000013	18395
685	NEO	36.399	30.563	32.708	2017-12-01T00:00:00.0000000Z	2017-12-02T00:00:00.0000000Z	390422.70231094	14105
686	NEO	36.876	34.189	35.693	2017-12-02T00:00:00.0000000Z	2017-12-03T00:00:00.0000000Z	148654.12052607	5961
687	NEO	39.643	34.806	34.998	2017-12-03T00:00:00.0000000Z	2017-12-04T00:00:00.0000000Z	381054.21001516	14123
688	NEO	43.348	36.5	36.604	2017-12-04T00:00:00.0000000Z	2017-12-05T00:00:00.0000000Z	725459.83235479	28185
689	NEO	42.821	38.0	41.8	2017-12-05T00:00:00.0000000Z	2017-12-06T00:00:00.0000000Z	425865.6394887	20372
690	NEO	38.9	33.668	38.399	2017-12-06T00:00:00.0000000Z	2017-12-07T00:00:00.0000000Z	332092.86010077	18606
691	NEO	37.0	30.94	34.606	2017-12-07T00:00:00.0000000Z	2017-12-08T00:00:00.0000000Z	274853.52091891	18467
692	NEO	36.876	31.569	33.401	2017-12-08T00:00:00.0000000Z	2017-12-09T00:00:00.0000000Z	352144.78308855	24401
693	NEO	38.2	33.736	35.456	2017-12-09T00:00:00.0000000Z	2017-12-10T00:00:00.0000000Z	354355.50058065	17006
694	NEO	35.177	31.492	35.052	2017-12-10T00:00:00.0000000Z	2017-12-11T00:00:00.0000000Z	263550.18321404	13459
695	NEO	36.4	32.94	33.063	2017-12-11T00:00:00.0000000Z	2017-12-12T00:00:00.0000000Z	200512.36801201	11990
696	NEO	40.597	35.041	36.0	2017-12-12T00:00:00.0000000Z	2017-12-13T00:00:00.0000000Z	452915.00610496	20036
697	NEO	49.9	36.2	40.0	2017-12-13T00:00:00.0000000Z	2017-12-14T00:00:00.0000000Z	1422255.96837091	47085
698	NEO	54.78	42.596	44.5	2017-12-14T00:00:00.0000000Z	2017-12-15T00:00:00.0000000Z	1064170.17697575	46537
699	NEO	51.276	41.273	49.985	2017-12-15T00:00:00.0000000Z	2017-12-16T00:00:00.0000000Z	606729.6210018	26376
700	XMR	13.695	12.718	13.403	2017-01-09T00:00:00.0000000Z	2017-01-10T00:00:00.0000000Z	4429.70155117	321
701	XMR	13.965	13.339	13.533	2017-01-10T00:00:00.0000000Z	2017-01-11T00:00:00.0000000Z	1247.08803079	83
702	XMR	13.6	11.061	13.315	2017-01-11T00:00:00.0000000Z	2017-01-12T00:00:00.0000000Z	6521.67213896	624
703	XMR	12.249	11.25	11.378	2017-01-12T00:00:00.0000000Z	2017-01-13T00:00:00.0000000Z	5781.68856438	462
704	XMR	12.0	10.932	11.867	2017-01-13T00:00:00.0000000Z	2017-01-14T00:00:00.0000000Z	4553.54082904	287
705	XMR	11.699	10.98	11.426	2017-01-14T00:00:00.0000000Z	2017-01-15T00:00:00.0000000Z	2387.60730559	224
706	XMR	11.1	9.9	11.099	2017-01-15T00:00:00.0000000Z	2017-01-16T00:00:00.0000000Z	5087.91875501	346
707	XMR	11.0	10.304	10.699	2017-01-16T00:00:00.0000000Z	2017-01-17T00:00:00.0000000Z	3796.00067878	233
708	XMR	15.7	10.5	10.6	2017-01-17T00:00:00.0000000Z	2017-01-18T00:00:00.0000000Z	14380.93099263	708
709	XMR	12.7	11.6	12.362	2017-01-18T00:00:00.0000000Z	2017-01-19T00:00:00.0000000Z	1678.39590971	180
710	XMR	12.351	11.601	12.178	2017-01-19T00:00:00.0000000Z	2017-01-20T00:00:00.0000000Z	1095.55820761	125
711	XMR	11.82	11.82	11.82	2017-01-26T00:00:00.0000000Z	2017-01-27T00:00:00.0000000Z	0.4	3
712	XMR	12.919	12.876	12.876	2017-02-04T00:00:00.0000000Z	2017-02-05T00:00:00.0000000Z	21.077232	6
713	XMR	12.643	12.45	12.48	2017-02-07T00:00:00.0000000Z	2017-02-08T00:00:00.0000000Z	1389.73687307	47
714	XMR	12.779	12.3	12.641	2017-02-08T00:00:00.0000000Z	2017-02-09T00:00:00.0000000Z	3293.87916118	221
715	XMR	12.83	11.71	12.629	2017-02-09T00:00:00.0000000Z	2017-02-10T00:00:00.0000000Z	4113.2817899	360
716	XMR	12.182	11.855	12.099	2017-02-10T00:00:00.0000000Z	2017-02-11T00:00:00.0000000Z	6189.88197594	215
717	XMR	12.322	12.085	12.123	2017-02-11T00:00:00.0000000Z	2017-02-12T00:00:00.0000000Z	803.57220438	62
718	XMR	12.368	12.157	12.253	2017-02-12T00:00:00.0000000Z	2017-02-13T00:00:00.0000000Z	704.58880142	74
719	XMR	12.387	12.118	12.195	2017-02-13T00:00:00.0000000Z	2017-02-14T00:00:00.0000000Z	853.10964037	44
720	XMR	13.255	12.142	12.239	2017-02-14T00:00:00.0000000Z	2017-02-15T00:00:00.0000000Z	4388.75857555	250
721	XMR	13.848	12.939	13.103	2017-02-15T00:00:00.0000000Z	2017-02-16T00:00:00.0000000Z	6623.89144704	329
722	XMR	13.6	12.93	13.6	2017-02-16T00:00:00.0000000Z	2017-02-17T00:00:00.0000000Z	7143.7366719	406
723	XMR	13.471	13.122	13.217	2017-02-17T00:00:00.0000000Z	2017-02-18T00:00:00.0000000Z	1058.41663097	108
724	XMR	13.696	13.2	13.471	2017-02-18T00:00:00.0000000Z	2017-02-19T00:00:00.0000000Z	2876.96803121	120
725	XMR	13.45	13.1	13.45	2017-02-19T00:00:00.0000000Z	2017-02-20T00:00:00.0000000Z	513.3914789	46
726	XMR	13.05	11.481	13.03	2017-02-20T00:00:00.0000000Z	2017-02-21T00:00:00.0000000Z	13163.64552313	651
727	XMR	12.551	12.01	12.3	2017-02-21T00:00:00.0000000Z	2017-02-22T00:00:00.0000000Z	4984.95934301	1071
728	XMR	12.96	12.2	12.411	2017-02-22T00:00:00.0000000Z	2017-02-23T00:00:00.0000000Z	3074.07785049	232
729	XMR	13.1	12.71	12.771	2017-02-23T00:00:00.0000000Z	2017-02-24T00:00:00.0000000Z	3638.57515322	377
730	XMR	13.14	11.61	13.05	2017-02-24T00:00:00.0000000Z	2017-02-25T00:00:00.0000000Z	28730.58790496	1634
731	XMR	12.25	11.761	12.1	2017-02-25T00:00:00.0000000Z	2017-02-26T00:00:00.0000000Z	4050.21551891	213
732	XMR	12.21	11.771	11.888	2017-02-26T00:00:00.0000000Z	2017-02-27T00:00:00.0000000Z	2068.6305833	128
733	XMR	12.228	11.99	11.99	2017-02-27T00:00:00.0000000Z	2017-02-28T00:00:00.0000000Z	2878.36196503	155
734	XMR	12.374	11.65	11.993	2017-02-28T00:00:00.0000000Z	2017-03-01T00:00:00.0000000Z	10129.18807303	450
735	XMR	13.02	12.1	12.303	2017-03-01T00:00:00.0000000Z	2017-03-02T00:00:00.0000000Z	34002.91946754	1117
736	XMR	13.471	12.17	12.35	2017-03-02T00:00:00.0000000Z	2017-03-03T00:00:00.0000000Z	10238.20347424	779
737	XMR	14.688	12.9	13.05	2017-03-03T00:00:00.0000000Z	2017-03-04T00:00:00.0000000Z	27298.46709196	1239
738	XMR	14.3	13.27	13.807	2017-03-04T00:00:00.0000000Z	2017-03-05T00:00:00.0000000Z	6759.03254607	314
739	XMR	15.748	13.762	13.762	2017-03-05T00:00:00.0000000Z	2017-03-06T00:00:00.0000000Z	6136.84780419	397
740	XMR	15.866	14.92	15.185	2017-03-06T00:00:00.0000000Z	2017-03-07T00:00:00.0000000Z	5682.77576109	277
741	XMR	15.4	13.584	15.4	2017-03-07T00:00:00.0000000Z	2017-03-08T00:00:00.0000000Z	7666.45788831	698
742	XMR	13.798	12.51	13.654	2017-03-08T00:00:00.0000000Z	2017-03-09T00:00:00.0000000Z	6170.17764316	590
743	XMR	13.684	12.4	12.5	2017-03-09T00:00:00.0000000Z	2017-03-10T00:00:00.0000000Z	9367.86453652	468
744	XMR	13.54	12.25	13.047	2017-03-10T00:00:00.0000000Z	2017-03-11T00:00:00.0000000Z	22603.31857056	1232
745	XMR	14.7	12.946	13.025	2017-03-11T00:00:00.0000000Z	2017-03-12T00:00:00.0000000Z	10776.62065489	388
746	XMR	17.026	14.4	14.7	2017-03-12T00:00:00.0000000Z	2017-03-13T00:00:00.0000000Z	21521.81233292	1030
747	XMR	19.357	16.633	16.85	2017-03-13T00:00:00.0000000Z	2017-03-14T00:00:00.0000000Z	19475.60983954	1091
748	XMR	18.499	17.132	18.19	2017-03-14T00:00:00.0000000Z	2017-03-15T00:00:00.0000000Z	18319.02781548	1150
749	XMR	19.54	17.41	17.837	2017-03-15T00:00:00.0000000Z	2017-03-16T00:00:00.0000000Z	22157.89261019	1267
750	XMR	23.0	18.538	19.09	2017-03-16T00:00:00.0000000Z	2017-03-17T00:00:00.0000000Z	44856.42899508	2230
751	XMR	25.849	20.001	22.178	2017-03-17T00:00:00.0000000Z	2017-03-18T00:00:00.0000000Z	78782.55341287	3931
752	XMR	21.879	18.122	21.791	2017-03-18T00:00:00.0000000Z	2017-03-19T00:00:00.0000000Z	43421.88861149	2480
753	XMR	24.369	20.043	20.043	2017-03-19T00:00:00.0000000Z	2017-03-20T00:00:00.0000000Z	32976.11263494	2413
754	XMR	24.465	22.1	22.813	2017-03-20T00:00:00.0000000Z	2017-03-21T00:00:00.0000000Z	15333.38080314	1149
755	XMR	22.961	20.662	22.3	2017-03-21T00:00:00.0000000Z	2017-03-22T00:00:00.0000000Z	48427.92603448	2422
756	XMR	22.247	20.196	21.27	2017-03-22T00:00:00.0000000Z	2017-03-23T00:00:00.0000000Z	26766.82282598	1836
757	XMR	22.452	20.5	21.241	2017-03-23T00:00:00.0000000Z	2017-03-24T00:00:00.0000000Z	11307.21662988	878
758	XMR	23.9	20.66	21.671	2017-03-24T00:00:00.0000000Z	2017-03-25T00:00:00.0000000Z	33725.02023098	2121
759	XMR	22.0	19.7	21.16	2017-03-25T00:00:00.0000000Z	2017-03-26T00:00:00.0000000Z	26334.16537004	1923
760	XMR	20.746	19.1	20.121	2017-03-26T00:00:00.0000000Z	2017-03-27T00:00:00.0000000Z	13061.54546206	843
761	XMR	19.999	17.5	19.455	2017-03-27T00:00:00.0000000Z	2017-03-28T00:00:00.0000000Z	23889.74701545	1410
762	XMR	20.21	17.835	19.26	2017-03-28T00:00:00.0000000Z	2017-03-29T00:00:00.0000000Z	18890.28210453	999
763	XMR	21.369	19.175	19.6	2017-03-29T00:00:00.0000000Z	2017-03-30T00:00:00.0000000Z	18612.10804723	1041
764	XMR	21.24	19.807	20.912	2017-03-30T00:00:00.0000000Z	2017-03-31T00:00:00.0000000Z	11870.11725223	962
765	XMR	20.775	19.435	19.882	2017-03-31T00:00:00.0000000Z	2017-04-01T00:00:00.0000000Z	18154.68958922	975
766	XMR	21.5	19.001	20.096	2017-04-01T00:00:00.0000000Z	2017-04-02T00:00:00.0000000Z	18327.11228509	1426
767	XMR	21.253	19.668	21.061	2017-04-02T00:00:00.0000000Z	2017-04-03T00:00:00.0000000Z	15718.32361924	995
768	XMR	21.011	19.5	19.884	2017-04-03T00:00:00.0000000Z	2017-04-04T00:00:00.0000000Z	13325.87301723	937
769	XMR	20.8	19.761	20.111	2017-04-04T00:00:00.0000000Z	2017-04-05T00:00:00.0000000Z	11562.13732089	724
770	XMR	20.52	19.695	20.326	2017-04-05T00:00:00.0000000Z	2017-04-06T00:00:00.0000000Z	16395.91187404	873
771	XMR	20.211	18.59	19.735	2017-04-06T00:00:00.0000000Z	2017-04-07T00:00:00.0000000Z	20615.29576698	1082
772	XMR	20.344	19.205	19.344	2017-04-07T00:00:00.0000000Z	2017-04-08T00:00:00.0000000Z	6452.11005938	569
773	XMR	21.556	19.417	19.738	2017-04-08T00:00:00.0000000Z	2017-04-09T00:00:00.0000000Z	9862.03450687	799
774	XMR	21.584	19.97	21.005	2017-04-09T00:00:00.0000000Z	2017-04-10T00:00:00.0000000Z	11202.03489197	697
775	XMR	22.8	21.089	21.311	2017-04-10T00:00:00.0000000Z	2017-04-11T00:00:00.0000000Z	15629.85945673	877
776	XMR	22.516	21.537	22.448	2017-04-11T00:00:00.0000000Z	2017-04-12T00:00:00.0000000Z	8824.10859273	419
777	XMR	22.71	21.561	21.74	2017-04-12T00:00:00.0000000Z	2017-04-13T00:00:00.0000000Z	11155.16596222	777
778	XMR	22.487	21.534	22.142	2017-04-13T00:00:00.0000000Z	2017-04-14T00:00:00.0000000Z	8964.33767908	695
779	XMR	22.293	20.04	21.751	2017-04-14T00:00:00.0000000Z	2017-04-15T00:00:00.0000000Z	19529.39581481	1031
780	XMR	21.5	20.84	21.1	2017-04-15T00:00:00.0000000Z	2017-04-16T00:00:00.0000000Z	11620.18624508	570
781	XMR	21.107	20.642	21.067	2017-04-16T00:00:00.0000000Z	2017-04-17T00:00:00.0000000Z	6165.02441018	492
782	XMR	22.0	20.8	20.8	2017-04-17T00:00:00.0000000Z	2017-04-18T00:00:00.0000000Z	23535.3191338	1162
783	XMR	21.992	21.017	21.121	2017-04-18T00:00:00.0000000Z	2017-04-19T00:00:00.0000000Z	11377.13143414	517
784	XMR	21.945	21.16	21.945	2017-04-19T00:00:00.0000000Z	2017-04-20T00:00:00.0000000Z	10971.77328631	661
785	XMR	22.0	21.0	21.417	2017-04-20T00:00:00.0000000Z	2017-04-21T00:00:00.0000000Z	13614.08305464	1055
786	XMR	21.789	20.8	21.0	2017-04-21T00:00:00.0000000Z	2017-04-22T00:00:00.0000000Z	23828.06126037	1202
787	XMR	21.984	21.332	21.778	2017-04-22T00:00:00.0000000Z	2017-04-23T00:00:00.0000000Z	11879.18683197	938
788	XMR	22.01	21.519	21.852	2017-04-23T00:00:00.0000000Z	2017-04-24T00:00:00.0000000Z	14179.55988505	483
789	XMR	22.05	21.05	21.801	2017-04-24T00:00:00.0000000Z	2017-04-25T00:00:00.0000000Z	17598.07455327	795
790	XMR	21.804	21.05	21.217	2017-04-25T00:00:00.0000000Z	2017-04-26T00:00:00.0000000Z	3540.36419627	327
791	XMR	21.63	20.402	21.351	2017-04-26T00:00:00.0000000Z	2017-04-27T00:00:00.0000000Z	16260.77572152	946
792	XMR	23.846	21.014	21.179	2017-04-27T00:00:00.0000000Z	2017-04-28T00:00:00.0000000Z	66522.60606154	2909
793	XMR	24.2	22.805	23.586	2017-04-28T00:00:00.0000000Z	2017-04-29T00:00:00.0000000Z	48212.43267651	1505
794	XMR	25.018	23.75	23.923	2017-04-29T00:00:00.0000000Z	2017-04-30T00:00:00.0000000Z	22516.29248768	1146
795	XMR	26.312	24.5	24.538	2017-04-30T00:00:00.0000000Z	2017-05-01T00:00:00.0000000Z	34471.87916603	1950
796	XMR	25.8	23.651	25.25	2017-05-01T00:00:00.0000000Z	2017-05-02T00:00:00.0000000Z	41486.86204739	2051
797	XMR	25.08	23.89	24.523	2017-05-02T00:00:00.0000000Z	2017-05-03T00:00:00.0000000Z	19458.64939381	1017
798	XMR	27.537	24.429	24.829	2017-05-03T00:00:00.0000000Z	2017-05-04T00:00:00.0000000Z	38335.19568163	2608
799	XMR	27.96	25.403	27.483	2017-05-04T00:00:00.0000000Z	2017-05-05T00:00:00.0000000Z	59745.25434702	2761
800	USDT	1.001	0.9901	1.0009	2017-04-01T00:00:00.0000000Z	2017-04-02T00:00:00.0000000Z	568085.46248944	2775
801	USDT	1.001	0.9946	0.9983	2017-04-02T00:00:00.0000000Z	2017-04-03T00:00:00.0000000Z	881231.83230676	12844
802	USDT	1.0	0.9906	0.9906	2017-04-03T00:00:00.0000000Z	2017-04-04T00:00:00.0000000Z	216775.8783859	185
803	USDT	1.001	0.999	1.0	2017-04-04T00:00:00.0000000Z	2017-04-05T00:00:00.0000000Z	321826.1020891	283
804	USDT	1.0014	0.9995	1.0008	2017-04-05T00:00:00.0000000Z	2017-04-06T00:00:00.0000000Z	301618.27966025	258
805	USDT	1.002	0.9996	1.0001	2017-04-06T00:00:00.0000000Z	2017-04-07T00:00:00.0000000Z	792954.64411742	521
806	USDT	1.0	0.9991	0.9996	2017-04-07T00:00:00.0000000Z	2017-04-08T00:00:00.0000000Z	663268.7787429	460
807	USDT	1.0	0.9902	0.9999	2017-04-08T00:00:00.0000000Z	2017-04-09T00:00:00.0000000Z	1013121.01523394	669
808	USDT	0.9989	0.9902	0.9987	2017-04-09T00:00:00.0000000Z	2017-04-10T00:00:00.0000000Z	105602.1448	142
809	USDT	0.9977	0.99	0.9931	2017-04-10T00:00:00.0000000Z	2017-04-11T00:00:00.0000000Z	159538.6344135	104
810	USDT	0.9983	0.9942	0.9967	2017-04-11T00:00:00.0000000Z	2017-04-12T00:00:00.0000000Z	354089.58171652	138
811	USDT	0.9973	0.9871	0.9973	2017-04-12T00:00:00.0000000Z	2017-04-13T00:00:00.0000000Z	468206.06388288	496
812	USDT	0.9954	0.9902	0.9934	2017-04-13T00:00:00.0000000Z	2017-04-14T00:00:00.0000000Z	410573.93379448	490
813	USDT	0.996	0.9689	0.9934	2017-04-14T00:00:00.0000000Z	2017-04-15T00:00:00.0000000Z	143302.99439986	222
814	USDT	0.9899	0.9676	0.9689	2017-04-15T00:00:00.0000000Z	2017-04-16T00:00:00.0000000Z	29843.42927598	88
815	USDT	0.9896	0.9515	0.9896	2017-04-16T00:00:00.0000000Z	2017-04-17T00:00:00.0000000Z	24823.43589298	92
816	USDT	0.9698	0.9211	0.9697	2017-04-17T00:00:00.0000000Z	2017-04-18T00:00:00.0000000Z	77500.41177616	98
817	USDT	0.9628	0.9207	0.94	2017-04-18T00:00:00.0000000Z	2017-04-19T00:00:00.0000000Z	78506.15355928	188
818	USDT	0.9549	0.9372	0.945	2017-04-19T00:00:00.0000000Z	2017-04-20T00:00:00.0000000Z	57736.1093031	154
819	USDT	0.9549	0.92	0.95	2017-04-20T00:00:00.0000000Z	2017-04-21T00:00:00.0000000Z	152570.90754028	360
820	USDT	0.95	0.9	0.949	2017-04-21T00:00:00.0000000Z	2017-04-22T00:00:00.0000000Z	122233.03233796	550
821	USDT	0.95	0.915	0.9363	2017-04-22T00:00:00.0000000Z	2017-04-23T00:00:00.0000000Z	236067.78554538	578
822	USDT	0.94	0.901	0.911	2017-04-23T00:00:00.0000000Z	2017-04-24T00:00:00.0000000Z	152815.28709606	440
823	USDT	0.9286	0.901	0.912	2017-04-24T00:00:00.0000000Z	2017-04-25T00:00:00.0000000Z	152175.59523378	376
824	USDT	0.925	0.89	0.9149	2017-04-25T00:00:00.0000000Z	2017-04-26T00:00:00.0000000Z	201933.16011496	456
825	USDT	0.9367	0.903	0.9195	2017-04-26T00:00:00.0000000Z	2017-04-27T00:00:00.0000000Z	105802.98852524	454
826	USDT	0.937	0.9199	0.9286	2017-04-27T00:00:00.0000000Z	2017-04-28T00:00:00.0000000Z	95149.43102228	382
827	USDT	0.9649	0.9199	0.92	2017-04-28T00:00:00.0000000Z	2017-04-29T00:00:00.0000000Z	151565.19922304	504
828	USDT	0.9524	0.931	0.94	2017-04-29T00:00:00.0000000Z	2017-04-30T00:00:00.0000000Z	51153.66098548	532
829	USDT	0.9529	0.912	0.9395	2017-04-30T00:00:00.0000000Z	2017-05-01T00:00:00.0000000Z	148549.24429266	652
830	USDT	0.94	0.9151	0.9351	2017-05-01T00:00:00.0000000Z	2017-05-02T00:00:00.0000000Z	68389.7542858	694
831	USDT	0.94	0.9121	0.9158	2017-05-02T00:00:00.0000000Z	2017-05-03T00:00:00.0000000Z	114695.21585284	628
832	USDT	0.948	0.9212	0.9345	2017-05-03T00:00:00.0000000Z	2017-05-04T00:00:00.0000000Z	149386.99131587	700
833	USDT	0.9639	0.9155	0.9357	2017-05-04T00:00:00.0000000Z	2017-05-05T00:00:00.0000000Z	395600.75365802	1083
834	USDT	0.98	0.9306	0.9567	2017-05-05T00:00:00.0000000Z	2017-05-06T00:00:00.0000000Z	393417.850235	1078
835	USDT	0.9929	0.955	0.979	2017-05-06T00:00:00.0000000Z	2017-05-07T00:00:00.0000000Z	112826.38045452	452
836	USDT	0.981	0.928	0.9721	2017-05-07T00:00:00.0000000Z	2017-05-08T00:00:00.0000000Z	119794.51892356	920
837	USDT	0.972	0.946	0.966	2017-05-08T00:00:00.0000000Z	2017-05-09T00:00:00.0000000Z	139333.452969	448
838	USDT	0.978	0.9527	0.9527	2017-05-09T00:00:00.0000000Z	2017-05-10T00:00:00.0000000Z	925030.15209274	1786
839	USDT	0.9946	0.965	0.9774	2017-05-10T00:00:00.0000000Z	2017-05-11T00:00:00.0000000Z	507633.28981554	890
840	USDT	0.9986	0.9475	0.994	2017-05-11T00:00:00.0000000Z	2017-05-12T00:00:00.0000000Z	618420.96945756	1368
841	USDT	0.9928	0.9601	0.9725	2017-05-12T00:00:00.0000000Z	2017-05-13T00:00:00.0000000Z	68871.66904626	610
842	USDT	0.9857	0.956	0.9811	2017-05-13T00:00:00.0000000Z	2017-05-14T00:00:00.0000000Z	58722.87786016	522
843	USDT	0.9886	0.9615	0.9797	2017-05-14T00:00:00.0000000Z	2017-05-15T00:00:00.0000000Z	165010.12014344	578
844	USDT	0.992	0.9722	0.982	2017-05-15T00:00:00.0000000Z	2017-05-16T00:00:00.0000000Z	177094.3704373	682
845	USDT	0.9898	0.97	0.9758	2017-05-16T00:00:00.0000000Z	2017-05-17T00:00:00.0000000Z	107124.36232056	520
846	USDT	0.9897	0.9702	0.9897	2017-05-17T00:00:00.0000000Z	2017-05-18T00:00:00.0000000Z	36759.12143337	236
847	USDT	0.9868	0.9703	0.9815	2017-05-18T00:00:00.0000000Z	2017-05-19T00:00:00.0000000Z	26772.95871033	193
848	USDT	0.9983	0.9706	0.9732	2017-05-19T00:00:00.0000000Z	2017-05-20T00:00:00.0000000Z	234099.96851243	724
849	USDT	0.999	0.9801	0.9979	2017-05-20T00:00:00.0000000Z	2017-05-21T00:00:00.0000000Z	200801.97625541	427
850	USDT	1.0	0.977	0.9823	2017-05-21T00:00:00.0000000Z	2017-05-22T00:00:00.0000000Z	130311.04078554	555
851	USDT	1.0	0.9768	0.9959	2017-05-22T00:00:00.0000000Z	2017-05-23T00:00:00.0000000Z	309599.60183554	647
852	USDT	1.0216	0.9827	1.0	2017-05-23T00:00:00.0000000Z	2017-05-24T00:00:00.0000000Z	206723.83636893	475
853	USDT	1.0249	0.9801	0.999	2017-05-24T00:00:00.0000000Z	2017-05-25T00:00:00.0000000Z	387867.5638596	758
854	USDT	1.0699	0.984	0.9999	2017-05-25T00:00:00.0000000Z	2017-05-26T00:00:00.0000000Z	298477.1933805	1016
855	USDT	1.045	1.0	1.0	2017-05-26T00:00:00.0000000Z	2017-05-27T00:00:00.0000000Z	410645.25656898	1720
856	USDT	1.05	1.0026	1.021	2017-05-27T00:00:00.0000000Z	2017-05-28T00:00:00.0000000Z	493516.27943541	1683
857	USDT	1.037	1.0025	1.0208	2017-05-28T00:00:00.0000000Z	2017-05-29T00:00:00.0000000Z	586356.21640556	1360
858	USDT	1.0398	1.0025	1.0257	2017-05-29T00:00:00.0000000Z	2017-05-30T00:00:00.0000000Z	519602.9192577	2374
859	USDT	1.0395	1.01	1.0395	2017-05-30T00:00:00.0000000Z	2017-05-31T00:00:00.0000000Z	902474.35427498	1890
860	USDT	1.0699	1.005	1.02	2017-05-31T00:00:00.0000000Z	2017-06-01T00:00:00.0000000Z	622804.4184277	1568
861	USDT	1.0597	1.0124	1.05	2017-06-01T00:00:00.0000000Z	2017-06-02T00:00:00.0000000Z	632076.61426826	1452
862	USDT	1.063	1.0309	1.0404	2017-06-02T00:00:00.0000000Z	2017-06-03T00:00:00.0000000Z	356589.3557975	1420
863	USDT	1.0534	1.0135	1.035	2017-06-03T00:00:00.0000000Z	2017-06-04T00:00:00.0000000Z	402540.32061942	1104
864	USDT	1.045	1.0153	1.0369	2017-06-04T00:00:00.0000000Z	2017-06-05T00:00:00.0000000Z	243375.15258032	822
865	USDT	1.035	1.0182	1.0271	2017-06-05T00:00:00.0000000Z	2017-06-06T00:00:00.0000000Z	279261.29713532	768
866	USDT	1.0398	1.0111	1.025	2017-06-06T00:00:00.0000000Z	2017-06-07T00:00:00.0000000Z	665242.53136668	1522
867	USDT	1.0234	1.01	1.012	2017-06-07T00:00:00.0000000Z	2017-06-08T00:00:00.0000000Z	539197.67448854	1216
868	USDT	1.0234	1.0	1.0219	2017-06-08T00:00:00.0000000Z	2017-06-09T00:00:00.0000000Z	520153.54357886	1218
869	USDT	1.0114	0.999	1.0071	2017-06-09T00:00:00.0000000Z	2017-06-10T00:00:00.0000000Z	458011.78514924	810
870	USDT	1.015	0.9995	1.0054	2017-06-10T00:00:00.0000000Z	2017-06-11T00:00:00.0000000Z	585353.54884244	1236
871	USDT	1.0116	0.984	1.0116	2017-06-11T00:00:00.0000000Z	2017-06-12T00:00:00.0000000Z	372190.95891	806
872	USDT	1.0119	0.995	0.9982	2017-06-12T00:00:00.0000000Z	2017-06-13T00:00:00.0000000Z	886534.02875864	2330
873	USDT	1.0377	1.001	1.0026	2017-06-13T00:00:00.0000000Z	2017-06-14T00:00:00.0000000Z	865198.00973504	2592
874	USDT	1.068	1.0059	1.013	2017-06-14T00:00:00.0000000Z	2017-06-15T00:00:00.0000000Z	780334.88681082	1750
875	USDT	1.0625	1.0119	1.0237	2017-06-15T00:00:00.0000000Z	2017-06-16T00:00:00.0000000Z	1068944.9943838	2197
876	USDT	1.045	1.0063	1.021	2017-06-16T00:00:00.0000000Z	2017-06-17T00:00:00.0000000Z	617320.23697732	988
877	USDT	1.0218	1.0057	1.0218	2017-06-17T00:00:00.0000000Z	2017-06-18T00:00:00.0000000Z	299649.93689092	714
878	USDT	1.02	1.007	1.0155	2017-06-18T00:00:00.0000000Z	2017-06-19T00:00:00.0000000Z	589293.38582518	1318
879	USDT	1.01505	1.001	1.0081	2017-06-19T00:00:00.0000000Z	2017-06-20T00:00:00.0000000Z	388969.24024886	822
880	USDT	1.01	1.0	1.0012	2017-06-20T00:00:00.0000000Z	2017-06-21T00:00:00.0000000Z	272557.34500898	872
881	USDT	1.013	1.0	1.0004	2017-06-21T00:00:00.0000000Z	2017-06-22T00:00:00.0000000Z	711500.39500164	1710
882	USDT	1.01505	1.0035	1.0137	2017-06-22T00:00:00.0000000Z	2017-06-23T00:00:00.0000000Z	1510956.41843808	2254
883	USDT	1.0109	0.9969	1.0051	2017-06-23T00:00:00.0000000Z	2017-06-24T00:00:00.0000000Z	1000366.19817558	1348
884	USDT	1.023	0.9969	1.0014	2017-06-24T00:00:00.0000000Z	2017-06-25T00:00:00.0000000Z	2122535.24577242	2862
885	USDT	1.021	0.999	1.019	2017-06-25T00:00:00.0000000Z	2017-06-26T00:00:00.0000000Z	566748.67406358	1658
886	USDT	1.022	1.0	1.0021	2017-06-26T00:00:00.0000000Z	2017-06-27T00:00:00.0000000Z	1469955.50078548	1944
887	USDT	1.014	0.993	1.008	2017-06-27T00:00:00.0000000Z	2017-06-28T00:00:00.0000000Z	2598137.84237788	3380
888	USDT	1.032	1.0064	1.013	2017-06-28T00:00:00.0000000Z	2017-06-29T00:00:00.0000000Z	3121664.05573948	4080
889	USDT	1.032	1.002	1.0179	2017-06-29T00:00:00.0000000Z	2017-06-30T00:00:00.0000000Z	1102099.39443516	1898
890	USDT	1.025	1.0052	1.012	2017-06-30T00:00:00.0000000Z	2017-07-01T00:00:00.0000000Z	586205.55304922	1281
891	USDT	1.03	1.0063	1.0144	2017-07-01T00:00:00.0000000Z	2017-07-02T00:00:00.0000000Z	2577792.45270356	3444
892	USDT	1.0379	1.014	1.02	2017-07-02T00:00:00.0000000Z	2017-07-03T00:00:00.0000000Z	1288028.40569548	1990
893	USDT	1.029	1.0112	1.0214	2017-07-03T00:00:00.0000000Z	2017-07-04T00:00:00.0000000Z	1001638.11551304	1520
894	USDT	1.0193	1.007	1.0132	2017-07-04T00:00:00.0000000Z	2017-07-05T00:00:00.0000000Z	788830.97234538	1140
895	USDT	1.015	1.0051	1.0065	2017-07-05T00:00:00.0000000Z	2017-07-06T00:00:00.0000000Z	1296293.83602348	1056
896	USDT	1.0274	1.0052	1.01	2017-07-06T00:00:00.0000000Z	2017-07-07T00:00:00.0000000Z	1107033.27573924	1138
897	USDT	1.021	1.0051	1.0052	2017-07-07T00:00:00.0000000Z	2017-07-08T00:00:00.0000000Z	1217783.13813626	1556
898	USDT	1.016	1.0054	1.0098	2017-07-08T00:00:00.0000000Z	2017-07-09T00:00:00.0000000Z	629945.2886344	1022
899	USDT	1.0106	1.006	1.0061	2017-07-09T00:00:00.0000000Z	2017-07-10T00:00:00.0000000Z	465609.28319242	736
