	CC_ID	price_close	price_high	price_low	price_open	time_period_end	time_period_start	trades_count	volume_traded	name
0	1	536.95	542.87	525.49	532.37	2016-06-02T00:00:00.0000000Z	2016-06-01T00:00:00.0000000Z	4433	5456.942657	BTC
1	2	538.0	540.0	529.13	536.95	2016-06-03T00:00:00.0000000Z	2016-06-02T00:00:00.0000000Z	3533	3939.35132757	BTC
2	3	569.94	578.37	535.74	538.0	2016-06-04T00:00:00.0000000Z	2016-06-03T00:00:00.0000000Z	6192	8801.7746347	BTC
3	4	573.8	588.71	558.54	569.93	2016-06-05T00:00:00.0000000Z	2016-06-04T00:00:00.0000000Z	4131	6216.6271931	BTC
4	5	573.91	582.0	566.0	573.5	2016-06-06T00:00:00.0000000Z	2016-06-05T00:00:00.0000000Z	3347	5415.93469447	BTC
5	6	584.5	586.02	573.8	573.8	2016-06-07T00:00:00.0000000Z	2016-06-06T00:00:00.0000000Z	3214	4465.51612085	BTC
6	7	577.54	594.44	563.0	584.12	2016-06-08T00:00:00.0000000Z	2016-06-07T00:00:00.0000000Z	4843	6705.91830357	BTC
7	8	583.03	584.25	571.86	577.48	2016-06-09T00:00:00.0000000Z	2016-06-08T00:00:00.0000000Z	2925	3259.15110512	BTC
8	9	575.01	583.1	572.97	583.01	2016-06-10T00:00:00.0000000Z	2016-06-09T00:00:00.0000000Z	2808	3770.7182618	BTC
9	10	578.01	580.0	572.0	576.06	2016-06-11T00:00:00.0000000Z	2016-06-10T00:00:00.0000000Z	2110	3458.56492292	BTC
10	11	610.0	611.0	575.93	576.53	2016-06-12T00:00:00.0000000Z	2016-06-11T00:00:00.0000000Z	3750	3994.69960397	BTC
11	12	672.13	683.02	603.21	610.0	2016-06-13T00:00:00.0000000Z	2016-06-12T00:00:00.0000000Z	9681	14137.59479747	BTC
12	13	704.49	725.0	655.02	668.73	2016-06-14T00:00:00.0000000Z	2016-06-13T00:00:00.0000000Z	13382	17280.60397099	BTC
13	14	685.25	704.5	655.0	703.81	2016-06-15T00:00:00.0000000Z	2016-06-14T00:00:00.0000000Z	7601	10633.44050212	BTC
14	15	695.0	695.77	672.12	685.25	2016-06-16T00:00:00.0000000Z	2016-06-15T00:00:00.0000000Z	5385	5783.92382786	BTC
15	16	766.62	773.07	689.8	695.0	2016-06-17T00:00:00.0000000Z	2016-06-16T00:00:00.0000000Z	10492	17946.82684698	BTC
16	17	745.22	778.7	706.37	767.37	2016-06-18T00:00:00.0000000Z	2016-06-17T00:00:00.0000000Z	9405	14687.27083679	BTC
17	18	754.83	778.85	723.02	745.0	2016-06-19T00:00:00.0000000Z	2016-06-18T00:00:00.0000000Z	5637	5902.36262144	BTC
18	19	761.44	764.93	740.11	753.47	2016-06-20T00:00:00.0000000Z	2016-06-19T00:00:00.0000000Z	3473	2617.27920864	BTC
19	20	730.85	763.99	723.4	759.12	2016-06-21T00:00:00.0000000Z	2016-06-20T00:00:00.0000000Z	9121	7962.77933806	BTC
20	21	667.54	728.18	625.0	725.0	2016-06-22T00:00:00.0000000Z	2016-06-21T00:00:00.0000000Z	20355	33056.28964434	BTC
21	22	601.3	677.63	588.03	665.36	2016-06-23T00:00:00.0000000Z	2016-06-22T00:00:00.0000000Z	12231	16456.40877924	BTC
22	23	624.91	632.67	1.5	600.51	2016-06-24T00:00:00.0000000Z	2016-06-23T00:00:00.0000000Z	13443	23941.93995526	BTC
23	24	661.71	683.88	620.82	622.59	2016-06-25T00:00:00.0000000Z	2016-06-24T00:00:00.0000000Z	10398	16036.29415431	BTC
24	25	659.86	684.45	639.4	660.76	2016-06-26T00:00:00.0000000Z	2016-06-25T00:00:00.0000000Z	4614	6576.43804357	BTC
25	26	630.16	662.9	608.64	658.8	2016-06-27T00:00:00.0000000Z	2016-06-26T00:00:00.0000000Z	4579	5838.1489745	BTC
26	27	657.5	658.0	618.03	630.16	2016-06-28T00:00:00.0000000Z	2016-06-27T00:00:00.0000000Z	6897	8668.59311399	BTC
27	28	646.08	665.51	635.5	657.49	2016-06-29T00:00:00.0000000Z	2016-06-28T00:00:00.0000000Z	5106	5478.35678011	BTC
28	29	634.11	645.0	621.09	644.33	2016-06-30T00:00:00.0000000Z	2016-06-29T00:00:00.0000000Z	6855	9132.47818623	BTC
29	30	667.95	671.22	628.06	635.91	2016-07-01T00:00:00.0000000Z	2016-06-30T00:00:00.0000000Z	5324	7479.78991538	BTC
30	31	674.86	684.1	659.71	666.33	2016-07-02T00:00:00.0000000Z	2016-07-01T00:00:00.0000000Z	5324	6432.9196212	BTC
31	32	702.48	704.93	672.74	674.55	2016-07-03T00:00:00.0000000Z	2016-07-02T00:00:00.0000000Z	3906	5506.04313621	BTC
32	33	658.27	704.99	646.29	702.48	2016-07-04T00:00:00.0000000Z	2016-07-03T00:00:00.0000000Z	5517	7320.31995024	BTC
33	34	680.35	682.35	640.1	659.77	2016-07-05T00:00:00.0000000Z	2016-07-04T00:00:00.0000000Z	4629	4290.13225288	BTC
34	35	668.94	682.36	661.57	678.74	2016-07-06T00:00:00.0000000Z	2016-07-05T00:00:00.0000000Z	2744	3112.7271219	BTC
35	36	674.7	679.0	662.13	669.09	2016-07-07T00:00:00.0000000Z	2016-07-06T00:00:00.0000000Z	2889	3590.61112814	BTC
36	37	638.19	678.43	605.5	674.7	2016-07-08T00:00:00.0000000Z	2016-07-07T00:00:00.0000000Z	9262	12686.97748136	BTC
37	38	663.0	665.99	635.0	638.89	2016-07-09T00:00:00.0000000Z	2016-07-08T00:00:00.0000000Z	5237	6579.38521243	BTC
38	39	647.78	663.99	626.0	663.0	2016-07-10T00:00:00.0000000Z	2016-07-09T00:00:00.0000000Z	5155	6180.15042485	BTC
39	40	648.76	650.88	636.8	647.78	2016-07-11T00:00:00.0000000Z	2016-07-10T00:00:00.0000000Z	2148	2313.34939114	BTC
40	41	649.32	659.6	639.31	648.77	2016-07-12T00:00:00.0000000Z	2016-07-11T00:00:00.0000000Z	2554	2978.13685533	BTC
41	42	663.52	678.0	646.05	649.32	2016-07-13T00:00:00.0000000Z	2016-07-12T00:00:00.0000000Z	5563	4288.07627477	BTC
42	43	655.06	669.97	651.03	663.52	2016-07-14T00:00:00.0000000Z	2016-07-13T00:00:00.0000000Z	5319	6573.20203068	BTC
43	44	659.1	664.93	650.01	652.24	2016-07-15T00:00:00.0000000Z	2016-07-14T00:00:00.0000000Z	3098	2392.43467683	BTC
44	45	664.6	670.01	658.41	660.3	2016-07-16T00:00:00.0000000Z	2016-07-15T00:00:00.0000000Z	3117	3228.34264303	BTC
45	46	662.45	666.67	655.0	664.6	2016-07-17T00:00:00.0000000Z	2016-07-16T00:00:00.0000000Z	1687	1682.67647056	BTC
46	47	679.54	684.19	661.35	662.45	2016-07-18T00:00:00.0000000Z	2016-07-17T00:00:00.0000000Z	3094	3437.77012475	BTC
47	48	672.1	682.21	666.12	679.54	2016-07-19T00:00:00.0000000Z	2016-07-18T00:00:00.0000000Z	2732	3012.20623456	BTC
48	49	673.48	675.81	666.0	673.45	2016-07-20T00:00:00.0000000Z	2016-07-19T00:00:00.0000000Z	2022	1904.43446142	BTC
49	50	667.03	675.0	660.0	674.8	2016-07-21T00:00:00.0000000Z	2016-07-20T00:00:00.0000000Z	2380	3418.62509416	BTC
50	51	663.99	667.1	660.1	667.01	2016-07-22T00:00:00.0000000Z	2016-07-21T00:00:00.0000000Z	3234	2503.04270767	BTC
51	52	649.95	666.3	645.0	663.25	2016-07-23T00:00:00.0000000Z	2016-07-22T00:00:00.0000000Z	4002	5191.55506577	BTC
52	53	655.52	656.77	646.0	647.88	2016-07-24T00:00:00.0000000Z	2016-07-23T00:00:00.0000000Z	2154	1284.52223933	BTC
53	54	661.47	665.0	651.99	655.52	2016-07-25T00:00:00.0000000Z	2016-07-24T00:00:00.0000000Z	2508	1427.97990306	BTC
54	55	654.96	661.99	652.28	659.64	2016-07-26T00:00:00.0000000Z	2016-07-25T00:00:00.0000000Z	2977	2441.94401025	BTC
55	56	651.24	656.94	645.01	655.0	2016-07-27T00:00:00.0000000Z	2016-07-26T00:00:00.0000000Z	4931	3552.82907397	BTC
56	57	653.48	659.98	646.31	651.22	2016-07-28T00:00:00.0000000Z	2016-07-27T00:00:00.0000000Z	4113	2664.94311137	BTC
57	58	653.07	657.89	652.41	655.13	2016-07-29T00:00:00.0000000Z	2016-07-28T00:00:00.0000000Z	2715	1896.1054278	BTC
58	59	654.61	657.48	653.0	654.84	2016-07-30T00:00:00.0000000Z	2016-07-29T00:00:00.0000000Z	2187	1297.14816627	BTC
59	60	654.67	657.5	652.19	654.88	2016-07-31T00:00:00.0000000Z	2016-07-30T00:00:00.0000000Z	1036	719.15982547	BTC
60	61	623.83	654.71	614.97	654.02	2016-08-01T00:00:00.0000000Z	2016-07-31T00:00:00.0000000Z	4775	4933.11939038	BTC
61	62	606.35	630.0	603.63	622.5	2016-08-02T00:00:00.0000000Z	2016-08-01T00:00:00.0000000Z	5239	5488.95380857	BTC
62	63	540.0	613.03	465.28	606.84	2016-08-03T00:00:00.0000000Z	2016-08-02T00:00:00.0000000Z	11321	22142.62442025	BTC
63	64	563.42	572.34	521.0	540.0	2016-08-04T00:00:00.0000000Z	2016-08-03T00:00:00.0000000Z	11730	15452.31949194	BTC
64	65	576.13	583.97	552.0	563.99	2016-08-05T00:00:00.0000000Z	2016-08-04T00:00:00.0000000Z	7133	8394.04255656	BTC
65	66	572.5	578.2	562.0	578.14	2016-08-06T00:00:00.0000000Z	2016-08-05T00:00:00.0000000Z	4111	4811.23583899	BTC
66	67	589.48	592.0	562.56	572.98	2016-08-07T00:00:00.0000000Z	2016-08-06T00:00:00.0000000Z	5884	6021.3087891	BTC
67	68	592.47	598.82	582.12	589.47	2016-08-08T00:00:00.0000000Z	2016-08-07T00:00:00.0000000Z	4262	2908.12442938	BTC
68	69	591.88	594.0	583.58	592.47	2016-08-09T00:00:00.0000000Z	2016-08-08T00:00:00.0000000Z	5071	3181.85250852	BTC
69	70	582.75	591.85	579.43	591.85	2016-08-10T00:00:00.0000000Z	2016-08-09T00:00:00.0000000Z	3284	3174.70598792	BTC
70	71	590.27	603.0	580.01	582.71	2016-08-11T00:00:00.0000000Z	2016-08-10T00:00:00.0000000Z	3838	5217.75905561	BTC
71	72	585.22	597.78	585.22	590.46	2016-08-12T00:00:00.0000000Z	2016-08-11T00:00:00.0000000Z	2864	2543.68401092	BTC
72	73	585.91	591.19	580.47	585.25	2016-08-13T00:00:00.0000000Z	2016-08-12T00:00:00.0000000Z	3054	2177.37864395	BTC
73	74	583.52	589.98	581.71	585.34	2016-08-14T00:00:00.0000000Z	2016-08-13T00:00:00.0000000Z	1627	962.30229892	BTC
74	75	568.76	583.92	556.24	583.54	2016-08-15T00:00:00.0000000Z	2016-08-14T00:00:00.0000000Z	3710	4812.8152523	BTC
75	76	565.55	573.69	554.9	568.76	2016-08-16T00:00:00.0000000Z	2016-08-15T00:00:00.0000000Z	3645	4633.74558455	BTC
76	77	574.99	579.8	563.0	564.2	2016-08-17T00:00:00.0000000Z	2016-08-16T00:00:00.0000000Z	3363	4837.18871903	BTC
77	78	570.91	577.86	566.02	574.95	2016-08-18T00:00:00.0000000Z	2016-08-17T00:00:00.0000000Z	4114	4107.0085286	BTC
78	79	571.49	575.87	568.79	570.91	2016-08-19T00:00:00.0000000Z	2016-08-18T00:00:00.0000000Z	3421	3967.28412511	BTC
79	80	572.91	574.86	552.3	571.51	2016-08-20T00:00:00.0000000Z	2016-08-19T00:00:00.0000000Z	3261	4652.00521466	BTC
80	81	577.88	581.02	568.52	572.98	2016-08-21T00:00:00.0000000Z	2016-08-20T00:00:00.0000000Z	1968	2431.78684382	BTC
81	82	577.55	583.99	576.01	577.7	2016-08-22T00:00:00.0000000Z	2016-08-21T00:00:00.0000000Z	1961	1139.76224273	BTC
82	83	582.78	585.95	572.5	577.55	2016-08-23T00:00:00.0000000Z	2016-08-22T00:00:00.0000000Z	3164	5086.06256577	BTC
83	84	580.23	584.99	576.0	582.78	2016-08-24T00:00:00.0000000Z	2016-08-23T00:00:00.0000000Z	3064	4182.04589939	BTC
84	85	577.58	582.1	575.4	580.27	2016-08-25T00:00:00.0000000Z	2016-08-24T00:00:00.0000000Z	2734	2991.01460758	BTC
85	86	575.71	578.75	571.16	577.65	2016-08-26T00:00:00.0000000Z	2016-08-25T00:00:00.0000000Z	3201	4231.40701036	BTC
86	87	578.78	582.46	574.1	575.75	2016-08-27T00:00:00.0000000Z	2016-08-26T00:00:00.0000000Z	2740	3300.29774328	BTC
87	88	568.31	579.09	564.81	577.92	2016-08-28T00:00:00.0000000Z	2016-08-27T00:00:00.0000000Z	2183	2702.58036182	BTC
88	89	573.2	573.34	566.8	567.51	2016-08-29T00:00:00.0000000Z	2016-08-28T00:00:00.0000000Z	1480	1034.07669959	BTC
89	90	571.5	575.0	568.6	573.2	2016-08-30T00:00:00.0000000Z	2016-08-29T00:00:00.0000000Z	2431	2333.00891707	BTC
90	91	575.91	576.5	568.55	570.74	2016-08-31T00:00:00.0000000Z	2016-08-30T00:00:00.0000000Z	3430	4439.35420543	BTC
91	92	570.75	576.49	568.4	575.88	2016-09-01T00:00:00.0000000Z	2016-08-31T00:00:00.0000000Z	3309	3917.82520705	BTC
92	93	571.05	572.86	566.86	570.75	2016-09-02T00:00:00.0000000Z	2016-09-01T00:00:00.0000000Z	3773	2833.21048959	BTC
93	94	572.0	574.2	567.03	571.05	2016-09-03T00:00:00.0000000Z	2016-09-02T00:00:00.0000000Z	2004	2996.65467508	BTC
94	95	595.01	598.64	569.01	572.0	2016-09-04T00:00:00.0000000Z	2016-09-03T00:00:00.0000000Z	3977	4645.77734019	BTC
95	96	603.72	609.05	590.88	596.25	2016-09-05T00:00:00.0000000Z	2016-09-04T00:00:00.0000000Z	4174	3951.19879148	BTC
96	97	603.48	607.31	592.46	605.72	2016-09-06T00:00:00.0000000Z	2016-09-05T00:00:00.0000000Z	4692	3838.1094176	BTC
97	98	608.16	609.74	601.0	604.98	2016-09-07T00:00:00.0000000Z	2016-09-06T00:00:00.0000000Z	2787	4038.33754573	BTC
98	99	615.16	615.92	604.7	608.93	2016-09-08T00:00:00.0000000Z	2016-09-07T00:00:00.0000000Z	3531	4502.71072652	BTC
99	100	625.67	628.98	611.66	614.44	2016-09-09T00:00:00.0000000Z	2016-09-08T00:00:00.0000000Z	4029	4354.95251639	BTC
100	101	622.01	627.49	612.93	625.67	2016-09-10T00:00:00.0000000Z	2016-09-09T00:00:00.0000000Z	3097	3274.07565086	BTC
101	102	621.65	625.0	618.67	622.01	2016-09-11T00:00:00.0000000Z	2016-09-10T00:00:00.0000000Z	2160	1527.83753513	BTC
102	103	606.32	628.99	594.63	621.65	2016-09-12T00:00:00.0000000Z	2016-09-11T00:00:00.0000000Z	4417	5336.9515717	BTC
103	104	608.04	609.15	602.0	604.08	2016-09-13T00:00:00.0000000Z	2016-09-12T00:00:00.0000000Z	5315	3512.19188994	BTC
104	105	607.46	609.61	603.28	606.4	2016-09-14T00:00:00.0000000Z	2016-09-13T00:00:00.0000000Z	5704	3471.1358801	BTC
105	106	608.5	610.69	605.98	607.45	2016-09-15T00:00:00.0000000Z	2016-09-14T00:00:00.0000000Z	3855	2895.4604519	BTC
106	107	606.71	608.99	602.3	608.5	2016-09-16T00:00:00.0000000Z	2016-09-15T00:00:00.0000000Z	2811	3085.66694768	BTC
107	108	605.69	608.99	603.5	606.65	2016-09-17T00:00:00.0000000Z	2016-09-16T00:00:00.0000000Z	2697	2612.88007635	BTC
108	109	604.1	607.59	601.1	607.04	2016-09-18T00:00:00.0000000Z	2016-09-17T00:00:00.0000000Z	1806	1117.48707654	BTC
109	110	608.0	609.06	601.97	602.93	2016-09-19T00:00:00.0000000Z	2016-09-18T00:00:00.0000000Z	1661	1307.04682958	BTC
110	111	608.72	609.5	603.0	608.0	2016-09-20T00:00:00.0000000Z	2016-09-19T00:00:00.0000000Z	3122	2476.59039745	BTC
111	112	600.94	608.88	600.94	608.73	2016-09-21T00:00:00.0000000Z	2016-09-20T00:00:00.0000000Z	4738	2680.17829948	BTC
112	113	595.46	601.01	592.1	600.85	2016-09-22T00:00:00.0000000Z	2016-09-21T00:00:00.0000000Z	4504	3671.19191264	BTC
113	114	595.41	596.42	592.5	595.46	2016-09-23T00:00:00.0000000Z	2016-09-22T00:00:00.0000000Z	3684	2421.45482616	BTC
114	115	601.42	602.9	593.0	595.42	2016-09-24T00:00:00.0000000Z	2016-09-23T00:00:00.0000000Z	3054	4007.88275861	BTC
115	116	599.33	603.59	597.76	600.47	2016-09-25T00:00:00.0000000Z	2016-09-24T00:00:00.0000000Z	3016	1140.23303781	BTC
116	117	598.98	601.99	596.0	600.05	2016-09-26T00:00:00.0000000Z	2016-09-25T00:00:00.0000000Z	2465	1086.83579854	BTC
117	118	606.47	607.27	596.1	598.95	2016-09-27T00:00:00.0000000Z	2016-09-26T00:00:00.0000000Z	3914	4009.75530845	BTC
118	119	604.26	608.37	600.02	606.7	2016-09-28T00:00:00.0000000Z	2016-09-27T00:00:00.0000000Z	3641	3055.81637038	BTC
119	120	603.95	605.3	601.41	605.07	2016-09-29T00:00:00.0000000Z	2016-09-28T00:00:00.0000000Z	3139	2202.74962821	BTC
120	121	605.6	605.99	601.0	603.93	2016-09-30T00:00:00.0000000Z	2016-09-29T00:00:00.0000000Z	3088	2718.01919323	BTC
121	122	608.23	608.39	603.15	605.59	2016-10-01T00:00:00.0000000Z	2016-09-30T00:00:00.0000000Z	3425	2633.44489285	BTC
122	123	612.98	614.28	608.23	608.23	2016-10-02T00:00:00.0000000Z	2016-10-01T00:00:00.0000000Z	1824	1458.84374513	BTC
123	124	608.6	613.0	605.0	612.98	2016-10-03T00:00:00.0000000Z	2016-10-02T00:00:00.0000000Z	2309	1407.0592925	BTC
124	125	611.16	612.98	606.6	608.6	2016-10-04T00:00:00.0000000Z	2016-10-03T00:00:00.0000000Z	2343	2245.89234656	BTC
125	126	607.19	612.84	604.99	612.84	2016-10-05T00:00:00.0000000Z	2016-10-04T00:00:00.0000000Z	2900	2955.42383816	BTC
126	127	608.49	612.0	605.76	607.19	2016-10-06T00:00:00.0000000Z	2016-10-05T00:00:00.0000000Z	2300	2410.92611361	BTC
127	128	610.25	610.5	607.09	608.01	2016-10-07T00:00:00.0000000Z	2016-10-06T00:00:00.0000000Z	1785	2039.82035671	BTC
128	129	614.88	616.34	607.52	610.25	2016-10-08T00:00:00.0000000Z	2016-10-07T00:00:00.0000000Z	2451	4032.65135438	BTC
129	130	614.34	616.99	612.5	614.88	2016-10-09T00:00:00.0000000Z	2016-10-08T00:00:00.0000000Z	1307	888.66002111	BTC
130	131	613.06	614.98	610.0	614.34	2016-10-10T00:00:00.0000000Z	2016-10-09T00:00:00.0000000Z	1756	1174.26113887	BTC
131	132	616.0	616.47	612.12	612.12	2016-10-11T00:00:00.0000000Z	2016-10-10T00:00:00.0000000Z	4798	2295.52302846	BTC
132	133	639.0	639.0	614.56	616.37	2016-10-12T00:00:00.0000000Z	2016-10-11T00:00:00.0000000Z	5339	8087.31933662	BTC
133	134	634.5	640.0	628.76	638.3	2016-10-13T00:00:00.0000000Z	2016-10-12T00:00:00.0000000Z	4048	2658.52776787	BTC
134	135	634.02	636.0	630.0	634.5	2016-10-14T00:00:00.0000000Z	2016-10-13T00:00:00.0000000Z	2659	2228.76548388	BTC
135	136	638.2	639.99	630.45	635.16	2016-10-15T00:00:00.0000000Z	2016-10-14T00:00:00.0000000Z	3024	3143.09236383	BTC
136	137	635.96	642.0	635.25	638.2	2016-10-16T00:00:00.0000000Z	2016-10-15T00:00:00.0000000Z	2756	1421.85361066	BTC
137	138	638.97	641.4	635.18	635.26	2016-10-17T00:00:00.0000000Z	2016-10-16T00:00:00.0000000Z	1881	1289.53724609	BTC
138	139	636.91	639.99	632.1	638.97	2016-10-18T00:00:00.0000000Z	2016-10-17T00:00:00.0000000Z	3389	3955.60377033	BTC
139	140	635.95	637.8	631.52	636.96	2016-10-19T00:00:00.0000000Z	2016-10-18T00:00:00.0000000Z	2698	2731.17634977	BTC
140	141	627.98	638.04	624.13	635.95	2016-10-20T00:00:00.0000000Z	2016-10-19T00:00:00.0000000Z	4735	4472.89998392	BTC
141	142	628.89	630.22	625.0	627.84	2016-10-21T00:00:00.0000000Z	2016-10-20T00:00:00.0000000Z	3200	2040.00987473	BTC
142	143	629.0	632.36	627.5	628.05	2016-10-22T00:00:00.0000000Z	2016-10-21T00:00:00.0000000Z	2593	3050.52932903	BTC
143	144	654.52	656.0	628.57	628.99	2016-10-23T00:00:00.0000000Z	2016-10-22T00:00:00.0000000Z	3780	4353.217345	BTC
144	145	648.74	656.0	647.51	654.52	2016-10-24T00:00:00.0000000Z	2016-10-23T00:00:00.0000000Z	2346	2535.01019265	BTC
145	146	648.6	652.25	640.0	648.71	2016-10-25T00:00:00.0000000Z	2016-10-24T00:00:00.0000000Z	3680	4678.29697657	BTC
146	147	651.97	657.58	643.0	649.03	2016-10-26T00:00:00.0000000Z	2016-10-25T00:00:00.0000000Z	4532	6093.53315599	BTC
147	148	675.11	677.0	651.69	651.97	2016-10-27T00:00:00.0000000Z	2016-10-26T00:00:00.0000000Z	5227	6698.72217694	BTC
148	149	684.71	685.89	665.59	674.63	2016-10-28T00:00:00.0000000Z	2016-10-27T00:00:00.0000000Z	4871	4545.43620804	BTC
149	150	685.91	687.23	677.05	684.68	2016-10-29T00:00:00.0000000Z	2016-10-28T00:00:00.0000000Z	3775	3569.73086818	BTC
150	151	711.13	717.99	684.89	685.91	2016-10-30T00:00:00.0000000Z	2016-10-29T00:00:00.0000000Z	3863	4034.88400838	BTC
151	152	697.23	711.78	691.49	711.1	2016-10-31T00:00:00.0000000Z	2016-10-30T00:00:00.0000000Z	3860	3752.5253719	BTC
152	153	697.01	706.97	683.6	697.1	2016-11-01T00:00:00.0000000Z	2016-10-31T00:00:00.0000000Z	3941	4655.89251212	BTC
153	154	726.6	737.0	695.38	697.04	2016-11-02T00:00:00.0000000Z	2016-11-01T00:00:00.0000000Z	5016	6570.01885443	BTC
154	155	742.0	742.0	717.32	726.6	2016-11-03T00:00:00.0000000Z	2016-11-02T00:00:00.0000000Z	3360	4320.53171915	BTC
155	156	685.22	745.19	670.32	742.0	2016-11-04T00:00:00.0000000Z	2016-11-03T00:00:00.0000000Z	6717	12099.33214567	BTC
156	157	702.7	707.67	681.0	684.84	2016-11-05T00:00:00.0000000Z	2016-11-04T00:00:00.0000000Z	8977	5344.7435447	BTC
157	158	703.46	707.34	694.71	702.95	2016-11-06T00:00:00.0000000Z	2016-11-05T00:00:00.0000000Z	2512	1918.31151101	BTC
158	159	709.93	714.36	697.92	703.33	2016-11-07T00:00:00.0000000Z	2016-11-06T00:00:00.0000000Z	5660	2292.8635227	BTC
159	160	702.86	709.92	698.26	709.92	2016-11-08T00:00:00.0000000Z	2016-11-07T00:00:00.0000000Z	2948	3020.87240328	BTC
160	161	709.31	712.92	701.02	702.86	2016-11-09T00:00:00.0000000Z	2016-11-08T00:00:00.0000000Z	4184	5526.47459343	BTC
161	162	721.5	740.86	705.45	708.17	2016-11-10T00:00:00.0000000Z	2016-11-09T00:00:00.0000000Z	9361	9702.07476648	BTC
162	163	714.47	722.0	707.0	721.5	2016-11-11T00:00:00.0000000Z	2016-11-10T00:00:00.0000000Z	5678	4976.02222858	BTC
163	164	716.39	720.94	712.24	714.48	2016-11-12T00:00:00.0000000Z	2016-11-11T00:00:00.0000000Z	9169	3301.65529297	BTC
164	165	702.28	716.39	701.0	716.39	2016-11-13T00:00:00.0000000Z	2016-11-12T00:00:00.0000000Z	3517	2811.55106984	BTC
165	166	700.38	702.89	683.23	701.17	2016-11-14T00:00:00.0000000Z	2016-11-13T00:00:00.0000000Z	6412	6023.54902216	BTC
166	167	703.82	705.89	697.14	700.38	2016-11-15T00:00:00.0000000Z	2016-11-14T00:00:00.0000000Z	4017	7555.71038137	BTC
167	168	711.06	716.54	703.05	704.98	2016-11-16T00:00:00.0000000Z	2016-11-15T00:00:00.0000000Z	4591	5668.93994884	BTC
168	169	739.71	742.87	708.44	711.07	2016-11-17T00:00:00.0000000Z	2016-11-16T00:00:00.0000000Z	7965	11585.04541819	BTC
169	170	735.24	749.98	732.22	739.71	2016-11-18T00:00:00.0000000Z	2016-11-17T00:00:00.0000000Z	6219	6681.43151549	BTC
170	171	748.98	752.95	731.31	736.0	2016-11-19T00:00:00.0000000Z	2016-11-18T00:00:00.0000000Z	3730	4271.04146281	BTC
171	172	750.75	755.07	742.63	748.98	2016-11-20T00:00:00.0000000Z	2016-11-19T00:00:00.0000000Z	2906	1965.43652251	BTC
172	173	727.09	753.82	714.0	750.09	2016-11-21T00:00:00.0000000Z	2016-11-20T00:00:00.0000000Z	5493	5525.9596111	BTC
173	174	736.76	739.2	727.03	727.09	2016-11-22T00:00:00.0000000Z	2016-11-21T00:00:00.0000000Z	2901	4017.57762466	BTC
174	175	749.22	750.0	730.27	736.92	2016-11-23T00:00:00.0000000Z	2016-11-22T00:00:00.0000000Z	4001	5034.70408511	BTC
175	176	740.18	749.98	729.92	749.13	2016-11-24T00:00:00.0000000Z	2016-11-23T00:00:00.0000000Z	5667	4462.77871527	BTC
176	177	735.63	741.15	729.0	740.18	2016-11-25T00:00:00.0000000Z	2016-11-24T00:00:00.0000000Z	3798	4039.81535353	BTC
177	178	737.07	737.07	728.0	735.63	2016-11-26T00:00:00.0000000Z	2016-11-25T00:00:00.0000000Z	3256	3355.11676132	BTC
178	179	729.91	737.56	722.3	736.96	2016-11-27T00:00:00.0000000Z	2016-11-26T00:00:00.0000000Z	1882	2314.57662144	BTC
179	180	727.32	732.0	722.44	729.91	2016-11-28T00:00:00.0000000Z	2016-11-27T00:00:00.0000000Z	2743	3444.63116865	BTC
180	181	729.54	732.44	724.1	727.32	2016-11-29T00:00:00.0000000Z	2016-11-28T00:00:00.0000000Z	4160	4741.11519229	BTC
181	182	730.76	733.29	721.0	730.99	2016-11-30T00:00:00.0000000Z	2016-11-29T00:00:00.0000000Z	4319	5333.81660521	BTC
182	183	742.06	744.49	727.0	730.72	2016-12-01T00:00:00.0000000Z	2016-11-30T00:00:00.0000000Z	5253	6249.618523	BTC
183	184	751.54	754.98	740.18	742.06	2016-12-02T00:00:00.0000000Z	2016-12-01T00:00:00.0000000Z	4473	6124.50185948	BTC
184	185	769.99	778.07	750.77	751.55	2016-12-03T00:00:00.0000000Z	2016-12-02T00:00:00.0000000Z	5641	8098.57532493	BTC
185	186	760.75	770.99	752.41	770.91	2016-12-04T00:00:00.0000000Z	2016-12-03T00:00:00.0000000Z	2674	2772.66124771	BTC
186	187	762.0	762.97	752.41	762.97	2016-12-05T00:00:00.0000000Z	2016-12-04T00:00:00.0000000Z	3748	3215.68481818	BTC
187	188	750.24	762.09	743.0	762.0	2016-12-06T00:00:00.0000000Z	2016-12-05T00:00:00.0000000Z	5519	5567.77285717	BTC
188	189	758.98	759.9	747.99	749.51	2016-12-07T00:00:00.0000000Z	2016-12-06T00:00:00.0000000Z	5440	6763.73852485	BTC
189	190	763.99	769.61	751.78	758.97	2016-12-08T00:00:00.0000000Z	2016-12-07T00:00:00.0000000Z	3973	4809.70777587	BTC
190	191	766.84	772.01	762.29	764.05	2016-12-09T00:00:00.0000000Z	2016-12-08T00:00:00.0000000Z	4418	4892.87413738	BTC
191	192	769.57	773.99	766.29	766.84	2016-12-10T00:00:00.0000000Z	2016-12-09T00:00:00.0000000Z	3209	2868.41656863	BTC
192	193	772.28	774.12	768.11	769.57	2016-12-11T00:00:00.0000000Z	2016-12-10T00:00:00.0000000Z	2242	2200.70812765	BTC
193	194	768.97	772.28	764.01	772.28	2016-12-12T00:00:00.0000000Z	2016-12-11T00:00:00.0000000Z	2325	1421.13041748	BTC
194	195	776.9	779.0	768.96	768.97	2016-12-13T00:00:00.0000000Z	2016-12-12T00:00:00.0000000Z	3145	2805.19133166	BTC
195	196	775.35	793.27	765.1	777.0	2016-12-14T00:00:00.0000000Z	2016-12-13T00:00:00.0000000Z	5176	4918.81400706	BTC
196	197	777.09	781.0	770.74	775.75	2016-12-15T00:00:00.0000000Z	2016-12-14T00:00:00.0000000Z	3141	2333.38039481	BTC
197	198	775.89	779.08	771.0	777.03	2016-12-16T00:00:00.0000000Z	2016-12-15T00:00:00.0000000Z	3660	3039.82232695	BTC
198	199	781.32	782.46	771.24	776.3	2016-12-17T00:00:00.0000000Z	2016-12-16T00:00:00.0000000Z	2846	3475.77113231	BTC
199	200	788.52	790.88	780.36	781.32	2016-12-18T00:00:00.0000000Z	2016-12-17T00:00:00.0000000Z	2190	2389.76188083	BTC
200	201	788.67	790.99	780.0	788.3	2016-12-19T00:00:00.0000000Z	2016-12-18T00:00:00.0000000Z	3661	2519.24374939	BTC
201	202	791.0	794.39	787.01	788.34	2016-12-20T00:00:00.0000000Z	2016-12-19T00:00:00.0000000Z	3613	3917.87027522	BTC
202	203	798.65	803.0	787.1	791.03	2016-12-21T00:00:00.0000000Z	2016-12-20T00:00:00.0000000Z	5025	4118.69350463	BTC
203	204	832.75	834.97	796.82	798.83	2016-12-22T00:00:00.0000000Z	2016-12-21T00:00:00.0000000Z	10064	9391.36496102	BTC
204	205	859.96	875.0	827.29	832.02	2016-12-23T00:00:00.0000000Z	2016-12-22T00:00:00.0000000Z	7415	12070.35326085	BTC
205	206	914.0	920.0	858.93	858.94	2016-12-24T00:00:00.0000000Z	2016-12-23T00:00:00.0000000Z	10847	16526.62879671	BTC
206	207	892.61	918.5	878.89	914.48	2016-12-25T00:00:00.0000000Z	2016-12-24T00:00:00.0000000Z	5428	6026.45470401	BTC
207	208	890.67	894.97	859.0	892.61	2016-12-26T00:00:00.0000000Z	2016-12-25T00:00:00.0000000Z	3481	4658.23642176	BTC
208	209	897.1	905.18	888.0	890.65	2016-12-27T00:00:00.0000000Z	2016-12-26T00:00:00.0000000Z	3576	3467.54622755	BTC
209	210	930.34	936.42	891.0	897.82	2016-12-28T00:00:00.0000000Z	2016-12-27T00:00:00.0000000Z	5292	7210.1972396	BTC
210	211	976.47	976.48	929.49	930.34	2016-12-29T00:00:00.0000000Z	2016-12-28T00:00:00.0000000Z	8546	12285.05876026	BTC
211	212	969.58	980.74	950.0	976.48	2016-12-30T00:00:00.0000000Z	2016-12-29T00:00:00.0000000Z	6541	7858.45685371	BTC
212	213	959.54	970.0	931.0	969.99	2016-12-31T00:00:00.0000000Z	2016-12-30T00:00:00.0000000Z	7942	10755.03649428	BTC
213	214	966.3	966.37	944.11	959.54	2017-01-01T00:00:00.0000000Z	2016-12-31T00:00:00.0000000Z	4452	4162.90929897	BTC
214	215	997.75	1005.0	960.53	966.34	2017-01-02T00:00:00.0000000Z	2017-01-01T00:00:00.0000000Z	5423	6850.59330859	BTC
215	216	1012.54	1032.0	990.01	997.75	2017-01-03T00:00:00.0000000Z	2017-01-02T00:00:00.0000000Z	7815	8167.38103018	BTC
216	217	1035.24	1039.0	999.99	1011.44	2017-01-04T00:00:00.0000000Z	2017-01-03T00:00:00.0000000Z	7871	9089.65802529	BTC
217	218	1114.92	1139.89	1028.56	1035.51	2017-01-05T00:00:00.0000000Z	2017-01-04T00:00:00.0000000Z	15968	21562.45697196	BTC
218	219	1004.74	1136.72	885.41	1114.38	2017-01-06T00:00:00.0000000Z	2017-01-05T00:00:00.0000000Z	22504	36018.53598384	BTC
219	220	893.89	1026.99	871.0	1004.73	2017-01-07T00:00:00.0000000Z	2017-01-06T00:00:00.0000000Z	18044	27916.70309893	BTC
220	221	906.2	907.05	812.28	894.02	2017-01-08T00:00:00.0000000Z	2017-01-07T00:00:00.0000000Z	11474	20401.11359103	BTC
221	222	909.75	941.81	881.3	906.2	2017-01-09T00:00:00.0000000Z	2017-01-08T00:00:00.0000000Z	6709	8937.49270783	BTC
222	223	896.23	912.87	875.0	909.8	2017-01-10T00:00:00.0000000Z	2017-01-09T00:00:00.0000000Z	5333	8716.18294096	BTC
223	224	905.05	912.47	889.41	896.09	2017-01-11T00:00:00.0000000Z	2017-01-10T00:00:00.0000000Z	5378	8535.45350061	BTC
224	225	778.62	918.4	755.0	905.24	2017-01-12T00:00:00.0000000Z	2017-01-11T00:00:00.0000000Z	23144	35893.76836795	BTC
225	226	807.47	832.99	751.34	778.7	2017-01-13T00:00:00.0000000Z	2017-01-12T00:00:00.0000000Z	14636	17400.14155465	BTC
226	227	825.86	831.4	775.0	807.51	2017-01-14T00:00:00.0000000Z	2017-01-13T00:00:00.0000000Z	13108	11409.52033002	BTC
227	228	818.27	837.76	810.0	825.98	2017-01-15T00:00:00.0000000Z	2017-01-14T00:00:00.0000000Z	4605	6614.71899162	BTC
228	229	821.86	823.45	808.0	819.52	2017-01-16T00:00:00.0000000Z	2017-01-15T00:00:00.0000000Z	5265	4231.46390349	BTC
229	230	831.81	835.0	818.09	821.86	2017-01-17T00:00:00.0000000Z	2017-01-16T00:00:00.0000000Z	5367	6166.04397741	BTC
230	231	905.99	908.5	827.0	831.76	2017-01-18T00:00:00.0000000Z	2017-01-17T00:00:00.0000000Z	13060	12264.16938457	BTC
231	232	887.7	915.99	851.74	905.95	2017-01-19T00:00:00.0000000Z	2017-01-18T00:00:00.0000000Z	11308	11181.89887846	BTC
232	233	901.01	910.0	878.89	887.69	2017-01-20T00:00:00.0000000Z	2017-01-19T00:00:00.0000000Z	9553	11094.60329761	BTC
233	234	895.8	902.43	880.0	902.23	2017-01-21T00:00:00.0000000Z	2017-01-20T00:00:00.0000000Z	8742	6618.62776406	BTC
234	235	921.98	928.0	895.0	895.81	2017-01-22T00:00:00.0000000Z	2017-01-21T00:00:00.0000000Z	4368	5865.63203056	BTC
235	236	923.76	937.74	886.76	921.98	2017-01-23T00:00:00.0000000Z	2017-01-22T00:00:00.0000000Z	8024	7166.6654789	BTC
236	237	913.52	927.57	913.21	923.75	2017-01-24T00:00:00.0000000Z	2017-01-23T00:00:00.0000000Z	4849	3514.74142946	BTC
237	238	885.47	923.0	881.48	913.15	2017-01-25T00:00:00.0000000Z	2017-01-24T00:00:00.0000000Z	7791	9405.046565	BTC
238	239	893.43	904.01	884.5	885.47	2017-01-26T00:00:00.0000000Z	2017-01-25T00:00:00.0000000Z	5017	5149.19137889	BTC
239	240	914.83	919.49	892.86	893.25	2017-01-27T00:00:00.0000000Z	2017-01-26T00:00:00.0000000Z	4479	5120.41048116	BTC
240	241	918.02	924.88	908.01	914.96	2017-01-28T00:00:00.0000000Z	2017-01-27T00:00:00.0000000Z	4391	4828.04508286	BTC
241	242	918.6	920.99	913.08	918.02	2017-01-29T00:00:00.0000000Z	2017-01-28T00:00:00.0000000Z	1873	1174.60279883	BTC
242	243	912.01	919.99	910.45	918.6	2017-01-30T00:00:00.0000000Z	2017-01-29T00:00:00.0000000Z	1868	1349.01480033	BTC
243	244	919.99	923.0	910.0	913.12	2017-01-31T00:00:00.0000000Z	2017-01-30T00:00:00.0000000Z	3581	3115.41856915	BTC
244	245	963.99	970.0	917.5	919.99	2017-02-01T00:00:00.0000000Z	2017-01-31T00:00:00.0000000Z	5796	9334.81654147	BTC
245	246	983.67	986.96	962.0	963.99	2017-02-02T00:00:00.0000000Z	2017-02-01T00:00:00.0000000Z	5676	6641.11385188	BTC
246	247	1009.17	1011.65	973.12	983.79	2017-02-03T00:00:00.0000000Z	2017-02-02T00:00:00.0000000Z	5986	8269.68053649	BTC
247	248	1016.99	1022.64	987.01	1009.15	2017-02-04T00:00:00.0000000Z	2017-02-03T00:00:00.0000000Z	8752	10928.02422131	BTC
248	249	1033.18	1044.23	1004.0	1015.06	2017-02-05T00:00:00.0000000Z	2017-02-04T00:00:00.0000000Z	3823	4939.87529575	BTC
249	250	1011.07	1034.6	1004.7	1034.13	2017-02-06T00:00:00.0000000Z	2017-02-05T00:00:00.0000000Z	3012	4348.17045024	BTC
250	251	1023.99	1031.94	1005.1	1010.03	2017-02-07T00:00:00.0000000Z	2017-02-06T00:00:00.0000000Z	4986	4941.24316381	BTC
251	252	1052.48	1056.25	1021.3	1024.0	2017-02-08T00:00:00.0000000Z	2017-02-07T00:00:00.0000000Z	5702	5282.81098119	BTC
252	253	1050.4	1070.0	1025.0	1052.48	2017-02-09T00:00:00.0000000Z	2017-02-08T00:00:00.0000000Z	10723	9633.264651938	BTC
253	254	986.0	1074.69	913.73	1051.73	2017-02-10T00:00:00.0000000Z	2017-02-09T00:00:00.0000000Z	16427	25150.070164025	BTC
254	255	996.08	1010.68	950.0	985.71	2017-02-11T00:00:00.0000000Z	2017-02-10T00:00:00.0000000Z	8754	10731.290069047	BTC
255	256	1012.4	1020.0	987.62	995.49	2017-02-12T00:00:00.0000000Z	2017-02-11T00:00:00.0000000Z	4162	4472.512616748	BTC
256	257	1000.73	1011.97	991.98	1011.01	2017-02-13T00:00:00.0000000Z	2017-02-12T00:00:00.0000000Z	3557	2657.328336429	BTC
257	258	1000.79	1007.89	975.1	1000.73	2017-02-14T00:00:00.0000000Z	2017-02-13T00:00:00.0000000Z	4864	4543.260368507	BTC
258	259	1008.88	1019.0	987.97	1000.74	2017-02-15T00:00:00.0000000Z	2017-02-14T00:00:00.0000000Z	7390	6761.108063087	BTC
259	260	1011.53	1013.8	1000.97	1008.88	2017-02-16T00:00:00.0000000Z	2017-02-15T00:00:00.0000000Z	4233	2957.613736013	BTC
260	261	1032.7	1043.21	1010.75	1011.53	2017-02-17T00:00:00.0000000Z	2017-02-16T00:00:00.0000000Z	5894	5995.933599155	BTC
261	262	1055.46	1064.99	1031.98	1032.92	2017-02-18T00:00:00.0000000Z	2017-02-17T00:00:00.0000000Z	4934	6085.022606049	BTC
262	263	1056.4	1068.99	1046.14	1055.75	2017-02-19T00:00:00.0000000Z	2017-02-18T00:00:00.0000000Z	4597	4474.94930623	BTC
263	264	1051.8	1061.9	1039.07	1056.4	2017-02-20T00:00:00.0000000Z	2017-02-19T00:00:00.0000000Z	2607	2269.86111912	BTC
264	265	1084.0	1089.99	1044.39	1051.8	2017-02-21T00:00:00.0000000Z	2017-02-20T00:00:00.0000000Z	4009	3664.373685958	BTC
265	266	1124.62	1126.86	1077.0	1084.0	2017-02-22T00:00:00.0000000Z	2017-02-21T00:00:00.0000000Z	7765	8395.473715985	BTC
266	267	1130.01	1143.0	1098.16	1124.83	2017-02-23T00:00:00.0000000Z	2017-02-22T00:00:00.0000000Z	9228	11662.938265654	BTC
267	268	1188.11	1193.92	1120.73	1130.02	2017-02-24T00:00:00.0000000Z	2017-02-23T00:00:00.0000000Z	9596	11753.238560178	BTC
268	269	1180.14	1220.0	1091.1	1183.53	2017-02-25T00:00:00.0000000Z	2017-02-24T00:00:00.0000000Z	13193	19587.318887501	BTC
269	270	1152.2	1184.73	1127.0	1180.05	2017-02-26T00:00:00.0000000Z	2017-02-25T00:00:00.0000000Z	5580	6238.437630386	BTC
270	271	1179.05	1184.97	1133.0	1152.11	2017-02-27T00:00:00.0000000Z	2017-02-26T00:00:00.0000000Z	4278	3536.486214337	BTC
271	272	1194.64	1197.99	1169.0	1180.96	2017-02-28T00:00:00.0000000Z	2017-02-27T00:00:00.0000000Z	5480	4639.925589767	BTC
272	273	1191.21	1209.99	1176.27	1194.88	2017-03-01T00:00:00.0000000Z	2017-02-28T00:00:00.0000000Z	6308	7562.474094785	BTC
273	274	1226.39	1231.0	1188.3	1191.16	2017-03-02T00:00:00.0000000Z	2017-03-01T00:00:00.0000000Z	5919	6013.065822894	BTC
274	275	1257.6	1283.25	1215.0	1228.0	2017-03-03T00:00:00.0000000Z	2017-03-02T00:00:00.0000000Z	8610	7759.661687086	BTC
275	276	1285.33	1298.0	1255.0	1256.32	2017-03-04T00:00:00.0000000Z	2017-03-03T00:00:00.0000000Z	5183	7545.477203116	BTC
276	277	1260.0	1289.55	1230.0	1287.38	2017-03-05T00:00:00.0000000Z	2017-03-04T00:00:00.0000000Z	5077	4951.232105018	BTC
277	278	1273.0	1275.0	1240.0	1260.0	2017-03-06T00:00:00.0000000Z	2017-03-05T00:00:00.0000000Z	5107	3026.017394658	BTC
278	279	1278.49	1285.0	1251.0	1269.98	2017-03-07T00:00:00.0000000Z	2017-03-06T00:00:00.0000000Z	4726	4249.647938108	BTC
279	280	1233.05	1281.62	1175.97	1278.49	2017-03-08T00:00:00.0000000Z	2017-03-07T00:00:00.0000000Z	9079	14450.037936828	BTC
280	281	1150.05	1245.49	1145.5	1233.86	2017-03-09T00:00:00.0000000Z	2017-03-08T00:00:00.0000000Z	9517	13399.438209156	BTC
281	282	1190.89	1208.0	1135.01	1149.34	2017-03-10T00:00:00.0000000Z	2017-03-09T00:00:00.0000000Z	6823	7654.738349237	BTC
282	283	1116.97	1350.0	975.0	1190.99	2017-03-11T00:00:00.0000000Z	2017-03-10T00:00:00.0000000Z	20596	33467.943557984	BTC
283	284	1176.55	1198.0	1106.51	1111.55	2017-03-12T00:00:00.0000000Z	2017-03-11T00:00:00.0000000Z	6707	7346.786992699	BTC
284	285	1226.62	1241.85	1170.9	1176.58	2017-03-13T00:00:00.0000000Z	2017-03-12T00:00:00.0000000Z	5581	5793.908515828	BTC
285	286	1242.46	1249.02	1215.43	1226.42	2017-03-14T00:00:00.0000000Z	2017-03-13T00:00:00.0000000Z	6715	5637.362962657	BTC
286	287	1245.75	1260.0	1226.5	1242.46	2017-03-15T00:00:00.0000000Z	2017-03-14T00:00:00.0000000Z	4594	5745.496508838	BTC
287	288	1257.32	1260.0	1238.32	1245.82	2017-03-16T00:00:00.0000000Z	2017-03-15T00:00:00.0000000Z	4509	3735.260230625	BTC
288	289	1172.62	1258.96	1130.0	1258.75	2017-03-17T00:00:00.0000000Z	2017-03-16T00:00:00.0000000Z	10132	15158.554284324	BTC
289	290	1071.02	1173.23	1063.0	1172.0	2017-03-18T00:00:00.0000000Z	2017-03-17T00:00:00.0000000Z	10799	16704.573220292	BTC
290	291	969.4	1099.0	944.36	1068.16	2017-03-19T00:00:00.0000000Z	2017-03-18T00:00:00.0000000Z	13200	21292.604308482	BTC
291	292	1017.97	1063.7	969.4	969.4	2017-03-20T00:00:00.0000000Z	2017-03-19T00:00:00.0000000Z	6976	12201.86141156	BTC
292	293	1035.96	1053.0	1010.01	1012.88	2017-03-21T00:00:00.0000000Z	2017-03-20T00:00:00.0000000Z	6016	7497.867536135	BTC
293	294	1114.39	1117.9	1034.92	1036.23	2017-03-22T00:00:00.0000000Z	2017-03-21T00:00:00.0000000Z	7137	11125.495395137	BTC
294	295	1037.56	1114.39	988.0	1114.39	2017-03-23T00:00:00.0000000Z	2017-03-22T00:00:00.0000000Z	9852	14521.256356594	BTC
295	296	1029.65	1054.4	1010.69	1037.6	2017-03-24T00:00:00.0000000Z	2017-03-23T00:00:00.0000000Z	5788	5916.995392856	BTC
296	297	929.06	1032.0	920.0	1030.84	2017-03-25T00:00:00.0000000Z	2017-03-24T00:00:00.0000000Z	10519	16072.417083257	BTC
297	298	956.02	963.36	891.33	928.1	2017-03-26T00:00:00.0000000Z	2017-03-25T00:00:00.0000000Z	7839	13507.435420869	BTC
298	299	960.0	997.0	937.52	956.02	2017-03-27T00:00:00.0000000Z	2017-03-26T00:00:00.0000000Z	5328	9012.917651105	BTC
299	300	1039.92	1043.0	952.95	959.08	2017-03-28T00:00:00.0000000Z	2017-03-27T00:00:00.0000000Z	7953	8687.087115237	BTC
300	301	1043.99	1068.26	1014.9	1039.09	2017-03-29T00:00:00.0000000Z	2017-03-28T00:00:00.0000000Z	7993	9115.517124878	BTC
301	302	1035.96	1059.43	1008.16	1042.83	2017-03-30T00:00:00.0000000Z	2017-03-29T00:00:00.0000000Z	7351	9379.719320208	BTC
302	303	1033.7	1050.17	1017.14	1037.29	2017-03-31T00:00:00.0000000Z	2017-03-30T00:00:00.0000000Z	8432	8645.377870801	BTC
303	304	1070.31	1081.0	1031.43	1033.79	2017-04-01T00:00:00.0000000Z	2017-03-31T00:00:00.0000000Z	10819	12058.788094554	BTC
304	305	1083.94	1097.0	1061.64	1071.34	2017-04-02T00:00:00.0000000Z	2017-04-01T00:00:00.0000000Z	6488	5209.128362619	BTC
305	306	1078.01	1100.0	1066.49	1083.95	2017-04-03T00:00:00.0000000Z	2017-04-02T00:00:00.0000000Z	11215	7639.896216705	BTC
306	307	1144.77	1152.0	1076.19	1076.59	2017-04-04T00:00:00.0000000Z	2017-04-03T00:00:00.0000000Z	12354	11076.862730581	BTC
307	308	1143.0	1162.93	1118.85	1146.42	2017-04-05T00:00:00.0000000Z	2017-04-04T00:00:00.0000000Z	8700	7419.880768855	BTC
308	309	1134.58	1145.0	1111.0	1143.0	2017-04-06T00:00:00.0000000Z	2017-04-05T00:00:00.0000000Z	6618	5588.677216817	BTC
309	310	1190.85	1201.37	1134.36	1134.91	2017-04-07T00:00:00.0000000Z	2017-04-06T00:00:00.0000000Z	8637	9112.542992446	BTC
310	311	1190.66	1202.0	1176.0	1190.72	2017-04-08T00:00:00.0000000Z	2017-04-07T00:00:00.0000000Z	5930	5450.272714257	BTC
311	312	1184.03	1197.3	1166.66	1190.66	2017-04-09T00:00:00.0000000Z	2017-04-08T00:00:00.0000000Z	3609	2720.798227339	BTC
312	313	1206.2	1216.87	1173.98	1184.05	2017-04-10T00:00:00.0000000Z	2017-04-09T00:00:00.0000000Z	4127	4817.424248738	BTC
313	314	1209.25	1219.71	1195.0	1205.2	2017-04-11T00:00:00.0000000Z	2017-04-10T00:00:00.0000000Z	4114	3656.816312957	BTC
314	315	1218.99	1229.0	1198.02	1209.99	2017-04-12T00:00:00.0000000Z	2017-04-11T00:00:00.0000000Z	4162	3487.753108136	BTC
315	316	1212.17	1224.57	1208.0	1218.99	2017-04-13T00:00:00.0000000Z	2017-04-12T00:00:00.0000000Z	4445	3475.194625707	BTC
316	317	1172.91	1219.45	1141.0	1212.16	2017-04-14T00:00:00.0000000Z	2017-04-13T00:00:00.0000000Z	6316	7135.3029565	BTC
317	318	1170.34	1193.0	1142.0	1172.56	2017-04-15T00:00:00.0000000Z	2017-04-14T00:00:00.0000000Z	6298	8982.767896344	BTC
318	319	1173.45	1192.5	1165.0	1169.53	2017-04-16T00:00:00.0000000Z	2017-04-15T00:00:00.0000000Z	2887	1804.450796799	BTC
319	320	1162.31	1179.3	1150.0	1171.0	2017-04-17T00:00:00.0000000Z	2017-04-16T00:00:00.0000000Z	3596	2663.990283037	BTC
320	321	1176.54	1192.5	1161.0	1162.31	2017-04-18T00:00:00.0000000Z	2017-04-17T00:00:00.0000000Z	3477	3568.825074768	BTC
321	322	1202.58	1210.0	1175.95	1176.59	2017-04-19T00:00:00.0000000Z	2017-04-18T00:00:00.0000000Z	5572	5514.182404505	BTC
322	323	1203.98	1209.99	1190.0	1202.59	2017-04-20T00:00:00.0000000Z	2017-04-19T00:00:00.0000000Z	5139	6046.519436558	BTC
323	324	1234.19	1243.88	1201.66	1203.98	2017-04-21T00:00:00.0000000Z	2017-04-20T00:00:00.0000000Z	6245	5972.935391535	BTC
324	325	1243.61	1252.32	1231.65	1234.93	2017-04-22T00:00:00.0000000Z	2017-04-21T00:00:00.0000000Z	6164	5023.0385204	BTC
325	326	1233.2	1247.15	1199.0	1243.6	2017-04-23T00:00:00.0000000Z	2017-04-22T00:00:00.0000000Z	4324	4173.28321472	BTC
326	327	1241.99	1248.99	1223.42	1231.84	2017-04-24T00:00:00.0000000Z	2017-04-23T00:00:00.0000000Z	3777	2604.72196524	BTC
327	328	1253.58	1254.0	1234.0	1242.0	2017-04-25T00:00:00.0000000Z	2017-04-24T00:00:00.0000000Z	4709	3045.23293203	BTC
328	329	1269.0	1280.0	1251.07	1253.57	2017-04-26T00:00:00.0000000Z	2017-04-25T00:00:00.0000000Z	6074	5239.51754872	BTC
329	330	1287.99	1330.0	1265.0	1271.4	2017-04-27T00:00:00.0000000Z	2017-04-26T00:00:00.0000000Z	6888	8707.63904245	BTC
330	331	1331.53	1342.02	1285.0	1287.92	2017-04-28T00:00:00.0000000Z	2017-04-27T00:00:00.0000000Z	6356	6669.98746832	BTC
331	332	1330.7	1347.02	1299.0	1331.0	2017-04-29T00:00:00.0000000Z	2017-04-28T00:00:00.0000000Z	9021	8234.2755437	BTC
332	333	1333.0	1342.8	1316.0	1333.93	2017-04-30T00:00:00.0000000Z	2017-04-29T00:00:00.0000000Z	5447	3927.450614819	BTC
333	334	1350.21	1356.0	1315.68	1336.77	2017-05-01T00:00:00.0000000Z	2017-04-30T00:00:00.0000000Z	4132	3536.1758111	BTC
334	335	1390.86	1425.0	1341.22	1348.88	2017-05-02T00:00:00.0000000Z	2017-05-01T00:00:00.0000000Z	9070	8604.414932069	BTC
335	336	1447.75	1481.73	1388.0	1390.86	2017-05-03T00:00:00.0000000Z	2017-05-02T00:00:00.0000000Z	7601	8864.55711111	BTC
336	337	1503.22	1516.04	1431.02	1447.75	2017-05-04T00:00:00.0000000Z	2017-05-03T00:00:00.0000000Z	10633	11077.239687199	BTC
337	338	1537.23	1623.01	1444.94	1503.25	2017-05-05T00:00:00.0000000Z	2017-05-04T00:00:00.0000000Z	18380	19548.52973673	BTC
338	339	1514.9	1609.0	1495.0	1537.36	2017-05-06T00:00:00.0000000Z	2017-05-05T00:00:00.0000000Z	18175	15603.684366159	BTC
339	340	1558.02	1578.97	1505.0	1515.39	2017-05-07T00:00:00.0000000Z	2017-05-06T00:00:00.0000000Z	8828	7899.6428401	BTC
340	341	1554.01	1565.0	1525.0	1554.04	2017-05-08T00:00:00.0000000Z	2017-05-07T00:00:00.0000000Z	10678	7667.785851128	BTC
341	342	1649.54	1653.97	1554.38	1554.72	2017-05-09T00:00:00.0000000Z	2017-05-08T00:00:00.0000000Z	24515	19262.353526248	BTC
342	343	1720.28	1760.4	1616.05	1649.55	2017-05-10T00:00:00.0000000Z	2017-05-09T00:00:00.0000000Z	17422	16807.733232268	BTC
343	344	1772.58	1794.21	1682.0	1720.26	2017-05-11T00:00:00.0000000Z	2017-05-10T00:00:00.0000000Z	13282	11265.378638286	BTC
344	345	1828.45	1892.0	1745.01	1774.52	2017-05-12T00:00:00.0000000Z	2017-05-11T00:00:00.0000000Z	13317	14740.21932638	BTC
345	346	1691.51	1832.0	1650.0	1830.85	2017-05-13T00:00:00.0000000Z	2017-05-12T00:00:00.0000000Z	15011	17062.844627729	BTC
346	347	1776.89	1785.82	1601.46	1690.33	2017-05-14T00:00:00.0000000Z	2017-05-13T00:00:00.0000000Z	9603	10532.234513429	BTC
347	348	1784.0	1815.0	1753.0	1776.8	2017-05-15T00:00:00.0000000Z	2017-05-14T00:00:00.0000000Z	5168	4816.73208815	BTC
348	349	1705.48	1784.0	1682.56	1782.3	2017-05-16T00:00:00.0000000Z	2017-05-15T00:00:00.0000000Z	13795	13316.802178139	BTC
349	350	1700.01	1750.0	1641.22	1706.07	2017-05-17T00:00:00.0000000Z	2017-05-16T00:00:00.0000000Z	15907	16554.088580198	BTC
350	351	1782.99	1840.42	1670.01	1700.01	2017-05-18T00:00:00.0000000Z	2017-05-17T00:00:00.0000000Z	21366	17796.279266719	BTC
351	352	1878.99	1881.8	1766.33	1779.0	2017-05-19T00:00:00.0000000Z	2017-05-18T00:00:00.0000000Z	12566	11916.123390699	BTC
352	353	1958.0	1969.99	1874.99	1879.0	2017-05-20T00:00:00.0000000Z	2017-05-19T00:00:00.0000000Z	13594	14124.61831495	BTC
353	354	2013.99	2021.0	1914.0	1959.09	2017-05-21T00:00:00.0000000Z	2017-05-20T00:00:00.0000000Z	12683	12309.947473539	BTC
354	355	2017.55	2063.11	1961.52	2013.99	2017-05-22T00:00:00.0000000Z	2017-05-21T00:00:00.0000000Z	8363	6755.83436855	BTC
355	356	2099.97	2230.34	2001.0	2017.55	2017-05-23T00:00:00.0000000Z	2017-05-22T00:00:00.0000000Z	20100	16338.535406349	BTC
356	357	2264.23	2275.0	2088.45	2088.76	2017-05-24T00:00:00.0000000Z	2017-05-23T00:00:00.0000000Z	16117	14138.919668349	BTC
357	358	2420.29	2481.75	2264.64	2265.9	2017-05-25T00:00:00.0000000Z	2017-05-24T00:00:00.0000000Z	22510	22144.5982011	BTC
358	359	2292.53	2760.1	2221.0	2420.29	2017-05-26T00:00:00.0000000Z	2017-05-25T00:00:00.0000000Z	34124	32964.761425908	BTC
359	360	2279.82	2599.12	2060.0	2277.01	2017-05-27T00:00:00.0000000Z	2017-05-26T00:00:00.0000000Z	28868	28326.822014426	BTC
360	361	2042.0	2339.94	1850.0	2280.7	2017-05-28T00:00:00.0000000Z	2017-05-27T00:00:00.0000000Z	27635	26216.275126898	BTC
361	362	2178.81	2313.96	2041.48	2042.89	2017-05-29T00:00:00.0000000Z	2017-05-28T00:00:00.0000000Z	17111	15375.218126109	BTC
362	363	2292.1	2350.0	2110.0	2172.54	2017-05-30T00:00:00.0000000Z	2017-05-29T00:00:00.0000000Z	14894	12129.278085878	BTC
363	364	2203.53	2339.08	2160.0	2290.18	2017-05-31T00:00:00.0000000Z	2017-05-30T00:00:00.0000000Z	19309	13888.85097299	BTC
364	365	2298.01	2334.0	2154.28	2201.7	2017-06-01T00:00:00.0000000Z	2017-05-31T00:00:00.0000000Z	22122	16265.35281071	BTC
365	366	2413.63	2456.39	2296.81	2298.01	2017-06-02T00:00:00.0000000Z	2017-06-01T00:00:00.0000000Z	27474	18400.264757399	BTC
366	367	2488.94	2489.0	2370.03	2413.58	2017-06-03T00:00:00.0000000Z	2017-06-02T00:00:00.0000000Z	17695	12428.700594288	BTC
367	368	2540.94	2584.34	2445.0	2488.94	2017-06-04T00:00:00.0000000Z	2017-06-03T00:00:00.0000000Z	14881	10810.58468925	BTC
368	369	2529.82	2569.0	2460.0	2538.1	2017-06-05T00:00:00.0000000Z	2017-06-04T00:00:00.0000000Z	14181	8828.624942809	BTC
369	370	2698.0	2699.35	2525.28	2530.27	2017-06-06T00:00:00.0000000Z	2017-06-05T00:00:00.0000000Z	16242	12221.444806	BTC
370	371	2880.74	2933.0	2689.4	2698.0	2017-06-07T00:00:00.0000000Z	2017-06-06T00:00:00.0000000Z	31510	26587.662170337	BTC
371	372	2683.03	2893.28	2612.5	2875.71	2017-06-08T00:00:00.0000000Z	2017-06-07T00:00:00.0000000Z	26283	16967.043535718	BTC
372	373	2806.0	2815.0	2613.13	2680.24	2017-06-09T00:00:00.0000000Z	2017-06-08T00:00:00.0000000Z	19772	13251.405449107	BTC
373	374	2822.32	2868.23	2780.43	2805.46	2017-06-10T00:00:00.0000000Z	2017-06-09T00:00:00.0000000Z	14479	8036.313569406	BTC
374	375	2899.99	2912.98	2800.0	2818.0	2017-06-11T00:00:00.0000000Z	2017-06-10T00:00:00.0000000Z	16083	9593.36119146	BTC
375	376	2954.22	2967.46	2861.53	2899.01	2017-06-12T00:00:00.0000000Z	2017-06-11T00:00:00.0000000Z	12763	6827.85655036	BTC
376	377	2667.06	2980.0	2480.03	2954.21	2017-06-13T00:00:00.0000000Z	2017-06-12T00:00:00.0000000Z	32417	31531.88146084	BTC
377	378	2703.02	2783.62	2638.62	2656.97	2017-06-14T00:00:00.0000000Z	2017-06-13T00:00:00.0000000Z	17790	16275.83441252	BTC
378	379	2450.0	2801.0	2320.0	2706.0	2017-06-15T00:00:00.0000000Z	2017-06-14T00:00:00.0000000Z	25930	29478.82028393	BTC
379	380	2424.91	2516.2	2120.0	2451.42	2017-06-16T00:00:00.0000000Z	2017-06-15T00:00:00.0000000Z	30476	36751.091308166	BTC
380	381	2484.68	2540.0	2307.66	2424.96	2017-06-17T00:00:00.0000000Z	2017-06-16T00:00:00.0000000Z	16828	13802.393299827	BTC
381	382	2630.03	2674.4	2420.53	2484.68	2017-06-18T00:00:00.0000000Z	2017-06-17T00:00:00.0000000Z	14646	11142.985185559	BTC
382	383	2516.98	2665.0	2460.62	2630.06	2017-06-19T00:00:00.0000000Z	2017-06-18T00:00:00.0000000Z	16206	9424.231180558	BTC
383	384	2598.0	2598.0	2480.96	2516.98	2017-06-20T00:00:00.0000000Z	2017-06-19T00:00:00.0000000Z	18278	10570.672524996	BTC
384	385	2740.0	2783.0	2581.0	2598.0	2017-06-21T00:00:00.0000000Z	2017-06-20T00:00:00.0000000Z	24604	15891.699488168	BTC
385	386	2657.04	2789.0	2611.0	2734.03	2017-06-22T00:00:00.0000000Z	2017-06-21T00:00:00.0000000Z	23355	15676.323526248	BTC
386	387	2713.48	2740.0	2594.61	2658.67	2017-06-23T00:00:00.0000000Z	2017-06-22T00:00:00.0000000Z	16717	10792.787646409	BTC
387	388	2685.05	2745.0	2657.46	2713.48	2017-06-24T00:00:00.0000000Z	2017-06-23T00:00:00.0000000Z	11724	8232.48064925	BTC
388	389	2557.66	2724.96	2512.13	2685.05	2017-06-25T00:00:00.0000000Z	2017-06-24T00:00:00.0000000Z	20600	13342.817855836	BTC
389	390	2502.03	2635.72	2432.0	2557.66	2017-06-26T00:00:00.0000000Z	2017-06-25T00:00:00.0000000Z	14587	10339.574374149	BTC
390	391	2421.22	2550.03	2315.01	2502.26	2017-06-27T00:00:00.0000000Z	2017-06-26T00:00:00.0000000Z	25597	22094.211510708	BTC
391	392	2565.0	2565.0	2291.0	2421.21	2017-06-28T00:00:00.0000000Z	2017-06-27T00:00:00.0000000Z	21879	19129.596507559	BTC
392	393	2559.9	2593.0	2468.01	2565.0	2017-06-29T00:00:00.0000000Z	2017-06-28T00:00:00.0000000Z	16829	12274.545303478	BTC
393	394	2541.59	2594.78	2500.31	2550.99	2017-06-30T00:00:00.0000000Z	2017-06-29T00:00:00.0000000Z	13222	8120.87336364	BTC
394	395	2465.49	2564.58	2451.0	2538.41	2017-07-01T00:00:00.0000000Z	2017-06-30T00:00:00.0000000Z	13987	8652.33251467	BTC
395	396	2412.41	2517.11	2390.0	2465.48	2017-07-02T00:00:00.0000000Z	2017-07-01T00:00:00.0000000Z	13225	8885.893496548	BTC
396	397	2504.37	2528.72	2374.34	2421.3	2017-07-03T00:00:00.0000000Z	2017-07-02T00:00:00.0000000Z	11827	8744.53441127	BTC
397	398	2550.47	2595.0	2472.68	2504.81	2017-07-04T00:00:00.0000000Z	2017-07-03T00:00:00.0000000Z	12553	11520.70730801	BTC
398	399	2596.12	2639.47	2540.07	2540.07	2017-07-05T00:00:00.0000000Z	2017-07-04T00:00:00.0000000Z	11912	9662.759414447	BTC
399	400	2602.9	2623.0	2530.1	2594.52	2017-07-06T00:00:00.0000000Z	2017-07-05T00:00:00.0000000Z	11376	10875.4868333	BTC
400	401	2600.39	2614.0	2522.0	2598.37	2017-07-07T00:00:00.0000000Z	2017-07-06T00:00:00.0000000Z	8216	8333.90994907	BTC
401	402	2501.46	2605.0	2475.0	2599.01	2017-07-08T00:00:00.0000000Z	2017-07-07T00:00:00.0000000Z	12420	9430.6154578	BTC
402	403	2550.07	2555.0	2462.0	2501.46	2017-07-09T00:00:00.0000000Z	2017-07-08T00:00:00.0000000Z	8596	5395.63327101	BTC
403	404	2502.28	2564.65	2500.5	2550.13	2017-07-10T00:00:00.0000000Z	2017-07-09T00:00:00.0000000Z	7277	4482.01513363	BTC
404	405	2323.45	2527.88	2261.85	2504.0	2017-07-11T00:00:00.0000000Z	2017-07-10T00:00:00.0000000Z	19019	17286.39779323	BTC
405	406	2305.98	2399.0	2242.62	2326.12	2017-07-12T00:00:00.0000000Z	2017-07-11T00:00:00.0000000Z	21269	17580.96163529	BTC
406	407	2388.0	2408.84	2239.54	2301.55	2017-07-13T00:00:00.0000000Z	2017-07-12T00:00:00.0000000Z	15002	12883.554938088	BTC
407	408	2339.99	2425.16	2312.93	2383.97	2017-07-14T00:00:00.0000000Z	2017-07-13T00:00:00.0000000Z	12949	8423.496210969	BTC
408	409	2213.37	2357.84	2140.0	2340.0	2017-07-15T00:00:00.0000000Z	2017-07-14T00:00:00.0000000Z	16204	12659.01704362	BTC
409	410	1970.51	2219.99	1967.65	2209.44	2017-07-16T00:00:00.0000000Z	2017-07-15T00:00:00.0000000Z	19707	19882.312832159	BTC
410	411	1917.63	2044.44	1830.0	1970.51	2017-07-17T00:00:00.0000000Z	2017-07-16T00:00:00.0000000Z	23010	25559.51248619	BTC
411	412	2226.0	2229.97	1910.57	1917.72	2017-07-18T00:00:00.0000000Z	2017-07-17T00:00:00.0000000Z	22394	26448.501402548	BTC
412	413	2303.71	2392.0	2164.0	2226.0	2017-07-19T00:00:00.0000000Z	2017-07-18T00:00:00.0000000Z	25300	25204.489602457	BTC
413	414	2265.21	2402.5	2223.0	2308.82	2017-07-20T00:00:00.0000000Z	2017-07-19T00:00:00.0000000Z	21671	17009.88349592	BTC
414	415	2875.03	2938.0	2265.51	2265.51	2017-07-21T00:00:00.0000000Z	2017-07-20T00:00:00.0000000Z	33095	30989.891125257	BTC
415	416	2670.0	2887.45	2611.39	2880.0	2017-07-22T00:00:00.0000000Z	2017-07-21T00:00:00.0000000Z	23809	20724.16050338	BTC
416	417	2832.71	2882.0	2644.59	2667.01	2017-07-23T00:00:00.0000000Z	2017-07-22T00:00:00.0000000Z	16887	12819.62913264	BTC
417	418	2749.02	2855.0	2640.0	2824.82	2017-07-24T00:00:00.0000000Z	2017-07-23T00:00:00.0000000Z	14823	11001.964600669	BTC
418	419	2759.98	2800.0	2701.0	2756.8	2017-07-25T00:00:00.0000000Z	2017-07-24T00:00:00.0000000Z	13621	10001.9150661	BTC
419	420	2564.82	2775.79	2450.0	2759.95	2017-07-26T00:00:00.0000000Z	2017-07-25T00:00:00.0000000Z	27242	21326.547838849	BTC
420	421	2524.99	2608.96	2400.0	2564.74	2017-07-27T00:00:00.0000000Z	2017-07-26T00:00:00.0000000Z	21816	17713.674465799	BTC
421	422	2666.33	2695.0	2509.63	2524.99	2017-07-28T00:00:00.0000000Z	2017-07-27T00:00:00.0000000Z	15958	11826.475199479	BTC
422	423	2777.01	2825.0	2655.82	2666.33	2017-07-29T00:00:00.0000000Z	2017-07-28T00:00:00.0000000Z	19816	14069.501492138	BTC
423	424	2680.56	2785.65	2631.78	2777.01	2017-07-30T00:00:00.0000000Z	2017-07-29T00:00:00.0000000Z	12690	10782.21753675	BTC
424	425	2742.75	2774.45	2569.69	2681.6	2017-07-31T00:00:00.0000000Z	2017-07-30T00:00:00.0000000Z	10236	9678.16126067	BTC
425	426	2855.81	2889.99	2680.01	2745.76	2017-08-01T00:00:00.0000000Z	2017-07-31T00:00:00.0000000Z	13355	11114.33554221	BTC
426	427	2731.0	2929.17	2615.0	2855.81	2017-08-02T00:00:00.0000000Z	2017-08-01T00:00:00.0000000Z	19647	12525.07669112	BTC
427	428	2703.51	2760.0	2650.0	2732.0	2017-08-03T00:00:00.0000000Z	2017-08-02T00:00:00.0000000Z	14769	9486.625525629	BTC
428	429	2793.37	2807.44	2698.83	2703.51	2017-08-04T00:00:00.0000000Z	2017-08-03T00:00:00.0000000Z	11558	7963.697999239	BTC
429	430	2855.0	2877.52	2765.91	2793.34	2017-08-05T00:00:00.0000000Z	2017-08-04T00:00:00.0000000Z	11579	7635.821671895	BTC
430	431	3263.62	3339.66	2848.32	2851.01	2017-08-06T00:00:00.0000000Z	2017-08-05T00:00:00.0000000Z	23529	16996.273100907	BTC
431	432	3222.75	3296.51	3146.1	3263.51	2017-08-07T00:00:00.0000000Z	2017-08-06T00:00:00.0000000Z	12847	5998.735788519	BTC
432	433	3387.54	3430.0	3186.0	3216.78	2017-08-08T00:00:00.0000000Z	2017-08-07T00:00:00.0000000Z	18136	12046.117265008	BTC
433	434	3412.41	3490.0	3300.0	3387.54	2017-08-09T00:00:00.0000000Z	2017-08-08T00:00:00.0000000Z	23001	15835.370207809	BTC
434	435	3342.99	3423.1	3178.72	3408.46	2017-08-10T00:00:00.0000000Z	2017-08-09T00:00:00.0000000Z	21502	14286.844138238	BTC
435	436	3413.03	3448.0	3311.17	3342.99	2017-08-11T00:00:00.0000000Z	2017-08-10T00:00:00.0000000Z	15013	9031.121280209	BTC
436	437	3645.06	3705.0	3390.67	3410.0	2017-08-12T00:00:00.0000000Z	2017-08-11T00:00:00.0000000Z	19891	11927.37333424	BTC
437	438	3855.1	3934.0	3586.95	3651.74	2017-08-13T00:00:00.0000000Z	2017-08-12T00:00:00.0000000Z	21254	12351.074661428	BTC
438	439	4053.87	4190.0	3841.71	3855.04	2017-08-14T00:00:00.0000000Z	2017-08-13T00:00:00.0000000Z	24314	15886.847462065	BTC
439	440	4306.23	4329.43	3964.96	4053.87	2017-08-15T00:00:00.0000000Z	2017-08-14T00:00:00.0000000Z	22437	14212.30420724	BTC
440	441	4155.67	4400.0	3800.0	4320.95	2017-08-16T00:00:00.0000000Z	2017-08-15T00:00:00.0000000Z	35304	25515.718014367	BTC
441	442	4378.84	4379.78	3926.06	4154.99	2017-08-17T00:00:00.0000000Z	2017-08-16T00:00:00.0000000Z	20109	12923.637280535	BTC
442	443	4276.5	4480.0	4167.21	4361.99	2017-08-18T00:00:00.0000000Z	2017-08-17T00:00:00.0000000Z	24217	14573.185929087	BTC
443	444	4100.0	4368.0	3964.96	4260.47	2017-08-19T00:00:00.0000000Z	2017-08-18T00:00:00.0000000Z	28607	17516.993360747	BTC
444	445	4099.55	4188.0	3900.0	4100.0	2017-08-20T00:00:00.0000000Z	2017-08-19T00:00:00.0000000Z	18663	15036.184051122	BTC
445	446	4058.68	4125.95	4000.0	4091.99	2017-08-21T00:00:00.0000000Z	2017-08-20T00:00:00.0000000Z	10002	6237.972896317	BTC
446	447	3987.52	4080.0	3949.78	4058.64	2017-08-22T00:00:00.0000000Z	2017-08-21T00:00:00.0000000Z	17028	9782.056594003	BTC
447	448	4085.0	4139.31	3600.0	3987.51	2017-08-23T00:00:00.0000000Z	2017-08-22T00:00:00.0000000Z	31318	23522.758166351	BTC
448	449	4115.14	4248.97	4051.94	4078.0	2017-08-24T00:00:00.0000000Z	2017-08-23T00:00:00.0000000Z	23811	14959.476905935	BTC
449	450	4300.34	4350.0	4082.57	4121.78	2017-08-25T00:00:00.0000000Z	2017-08-24T00:00:00.0000000Z	17626	10782.694367377	BTC
450	451	4355.98	4449.98	4270.0	4308.8	2017-08-26T00:00:00.0000000Z	2017-08-25T00:00:00.0000000Z	15891	9699.610033736	BTC
451	452	4333.38	4369.78	4232.43	4348.17	2017-08-27T00:00:00.0000000Z	2017-08-26T00:00:00.0000000Z	11262	6559.668603745	BTC
452	453	4337.68	4393.3	4290.32	4333.38	2017-08-28T00:00:00.0000000Z	2017-08-27T00:00:00.0000000Z	7994	3977.503142718	BTC
453	454	4379.99	4399.72	4169.01	4329.91	2017-08-29T00:00:00.0000000Z	2017-08-28T00:00:00.0000000Z	14493	8641.002445889	BTC
454	455	4578.82	4649.78	4336.26	4385.0	2017-08-30T00:00:00.0000000Z	2017-08-29T00:00:00.0000000Z	20802	11879.184959613	BTC
455	456	4573.2	4642.22	4479.0	4578.82	2017-08-31T00:00:00.0000000Z	2017-08-30T00:00:00.0000000Z	16047	8720.03503994	BTC
456	457	4734.26	4765.21	4566.66	4573.15	2017-09-01T00:00:00.0000000Z	2017-08-31T00:00:00.0000000Z	19478	8911.412459383	BTC
457	458	4921.7	4935.0	4671.09	4734.26	2017-09-02T00:00:00.0000000Z	2017-09-01T00:00:00.0000000Z	26908	15367.529697351	BTC
458	459	4599.9	4979.9	4488.5	4921.71	2017-09-03T00:00:00.0000000Z	2017-09-02T00:00:00.0000000Z	29688	16977.793622248	BTC
459	460	4606.26	4700.0	4385.0	4599.9	2017-09-04T00:00:00.0000000Z	2017-09-03T00:00:00.0000000Z	22080	11224.914556295	BTC
460	461	4277.0	4613.97	4058.5	4603.68	2017-09-05T00:00:00.0000000Z	2017-09-04T00:00:00.0000000Z	43072	25069.125230028	BTC
461	462	4396.52	4474.88	4001.93	4282.53	2017-09-06T00:00:00.0000000Z	2017-09-05T00:00:00.0000000Z	30792	20884.219693521	BTC
462	463	4605.8	4649.23	4356.42	4397.38	2017-09-07T00:00:00.0000000Z	2017-09-06T00:00:00.0000000Z	25771	16634.104205328	BTC
463	464	4615.0	4674.34	4475.0	4605.81	2017-09-08T00:00:00.0000000Z	2017-09-07T00:00:00.0000000Z	17813	9254.851426906	BTC
464	465	4312.0	4679.97	4125.99	4615.0	2017-09-09T00:00:00.0000000Z	2017-09-08T00:00:00.0000000Z	35732	23693.301622567	BTC
465	466	4308.72	4379.78	4164.0	4327.41	2017-09-10T00:00:00.0000000Z	2017-09-09T00:00:00.0000000Z	17679	9974.388234526	BTC
466	467	4226.22	4322.44	4010.0	4322.44	2017-09-11T00:00:00.0000000Z	2017-09-10T00:00:00.0000000Z	20432	14724.20414386	BTC
467	468	4207.31	4353.49	4092.4	4226.21	2017-09-12T00:00:00.0000000Z	2017-09-11T00:00:00.0000000Z	17682	11191.595043844	BTC
468	469	4172.56	4377.65	4080.0	4198.89	2017-09-13T00:00:00.0000000Z	2017-09-12T00:00:00.0000000Z	19286	13294.437697403	BTC
469	470	3865.34	4179.14	3720.01	4170.6	2017-09-14T00:00:00.0000000Z	2017-09-13T00:00:00.0000000Z	30834	29636.37491809	BTC
470	471	3227.79	3921.74	3210.0	3861.89	2017-09-15T00:00:00.0000000Z	2017-09-14T00:00:00.0000000Z	43518	41319.397125674	BTC
471	472	3700.01	3820.0	2972.01	3227.79	2017-09-16T00:00:00.0000000Z	2017-09-15T00:00:00.0000000Z	68887	60278.946541713	BTC
472	473	3678.93	3872.9	3500.0	3699.89	2017-09-17T00:00:00.0000000Z	2017-09-16T00:00:00.0000000Z	26604	23158.228910698	BTC
473	474	3662.99	3772.52	3463.0	3669.07	2017-09-18T00:00:00.0000000Z	2017-09-17T00:00:00.0000000Z	17384	11770.217650476	BTC
474	475	4101.6	4122.7	3659.42	3662.95	2017-09-19T00:00:00.0000000Z	2017-09-18T00:00:00.0000000Z	26773	17207.598924379	BTC
475	476	3888.8	4119.7	3848.35	4102.0	2017-09-20T00:00:00.0000000Z	2017-09-19T00:00:00.0000000Z	19816	15278.930440391	BTC
476	477	3874.46	4050.0	3820.56	3888.8	2017-09-21T00:00:00.0000000Z	2017-09-20T00:00:00.0000000Z	14863	11660.271813301	BTC
477	478	3617.05	3914.0	3573.0	3864.0	2017-09-22T00:00:00.0000000Z	2017-09-21T00:00:00.0000000Z	19004	17790.348766427	BTC
478	479	3612.18	3761.84	3514.0	3607.83	2017-09-23T00:00:00.0000000Z	2017-09-22T00:00:00.0000000Z	17639	15006.738449474	BTC
479	480	3779.17	3810.25	3552.0	3611.91	2017-09-24T00:00:00.0000000Z	2017-09-23T00:00:00.0000000Z	15226	10121.385380975	BTC
480	481	3664.22	3783.25	3615.0	3781.13	2017-09-25T00:00:00.0000000Z	2017-09-24T00:00:00.0000000Z	13197	6508.724990222	BTC
481	482	3918.0	3968.59	3658.39	3667.01	2017-09-26T00:00:00.0000000Z	2017-09-25T00:00:00.0000000Z	19857	14979.782262882	BTC
482	483	3888.03	3970.0	3850.61	3920.66	2017-09-27T00:00:00.0000000Z	2017-09-26T00:00:00.0000000Z	16661	10008.86963097	BTC
483	484	4199.29	4226.73	3870.0	3883.95	2017-09-28T00:00:00.0000000Z	2017-09-27T00:00:00.0000000Z	22364	14979.657298853	BTC
484	485	4184.84	4270.01	4123.5	4202.34	2017-09-29T00:00:00.0000000Z	2017-09-28T00:00:00.0000000Z	17539	9625.893847307	BTC
485	486	4164.82	4227.62	4022.02	4183.47	2017-09-30T00:00:00.0000000Z	2017-09-29T00:00:00.0000000Z	19305	12191.930651298	BTC
486	487	4326.09	4349.0	4154.28	4162.04	2017-10-01T00:00:00.0000000Z	2017-09-30T00:00:00.0000000Z	11143	7496.782499237	BTC
487	488	4377.22	4377.22	4216.0	4326.09	2017-10-02T00:00:00.0000000Z	2017-10-01T00:00:00.0000000Z	10261	7211.335135796	BTC
488	489	4391.48	4453.0	4352.0	4369.33	2017-10-03T00:00:00.0000000Z	2017-10-02T00:00:00.0000000Z	13936	8259.764271491	BTC
489	490	4315.83	4425.0	4218.0	4391.41	2017-10-04T00:00:00.0000000Z	2017-10-03T00:00:00.0000000Z	20403	12456.533025688	BTC
490	491	4219.53	4343.0	4170.07	4315.73	2017-10-05T00:00:00.0000000Z	2017-10-04T00:00:00.0000000Z	15767	8518.992749161	BTC
491	492	4301.09	4358.97	4137.96	4219.74	2017-10-06T00:00:00.0000000Z	2017-10-05T00:00:00.0000000Z	12934	8419.962841611	BTC
492	493	4362.95	4425.0	4278.4	4301.09	2017-10-07T00:00:00.0000000Z	2017-10-06T00:00:00.0000000Z	13702	8377.301649649	BTC
493	494	4423.3	4463.0	4312.82	4356.09	2017-10-08T00:00:00.0000000Z	2017-10-07T00:00:00.0000000Z	8969	4646.225331986	BTC
494	495	4597.98	4612.0	4404.5	4422.72	2017-10-09T00:00:00.0000000Z	2017-10-08T00:00:00.0000000Z	18114	10083.866849259	BTC
495	496	4764.7	4865.0	4541.0	4597.97	2017-10-10T00:00:00.0000000Z	2017-10-09T00:00:00.0000000Z	20158	12770.571334687	BTC
496	497	4749.29	4909.97	4700.0	4761.67	2017-10-11T00:00:00.0000000Z	2017-10-10T00:00:00.0000000Z	16944	11663.333539487	BTC
497	498	4822.01	4869.78	4700.0	4747.9	2017-10-12T00:00:00.0000000Z	2017-10-11T00:00:00.0000000Z	17304	9866.895621742	BTC
498	499	5445.0	5445.0	4793.66	4822.01	2017-10-13T00:00:00.0000000Z	2017-10-12T00:00:00.0000000Z	28719	19916.170395175	BTC
499	500	5653.6	5846.43	5380.0	5439.41	2017-10-14T00:00:00.0000000Z	2017-10-13T00:00:00.0000000Z	36885	27827.38028534	BTC
500	501	5801.29	5817.34	5558.26	5653.58	2017-10-15T00:00:00.0000000Z	2017-10-14T00:00:00.0000000Z	16048	8410.93623079	BTC
501	502	5679.7	5830.0	5415.0	5795.01	2017-10-16T00:00:00.0000000Z	2017-10-15T00:00:00.0000000Z	19108	11542.872162661	BTC
502	503	5745.72	5807.11	5548.0	5683.92	2017-10-17T00:00:00.0000000Z	2017-10-16T00:00:00.0000000Z	20676	9066.799744513	BTC
503	504	5597.31	5776.31	5506.78	5752.2	2017-10-18T00:00:00.0000000Z	2017-10-17T00:00:00.0000000Z	20320	9105.064466537	BTC
504	505	5582.05	5617.75	5101.36	5591.97	2017-10-19T00:00:00.0000000Z	2017-10-18T00:00:00.0000000Z	28232	18957.952138689	BTC
505	506	5698.69	5735.14	5512.06	5572.64	2017-10-20T00:00:00.0000000Z	2017-10-19T00:00:00.0000000Z	18879	9919.838216933	BTC
506	507	5977.29	6074.0	5589.8	5700.0	2017-10-21T00:00:00.0000000Z	2017-10-20T00:00:00.0000000Z	27144	15109.063650989	BTC
507	508	6013.46	6180.0	5871.0	5977.26	2017-10-22T00:00:00.0000000Z	2017-10-21T00:00:00.0000000Z	36006	15357.423733684	BTC
508	509	5969.0	6071.07	5700.0	6010.85	2017-10-23T00:00:00.0000000Z	2017-10-22T00:00:00.0000000Z	32940	12231.829537582	BTC
509	510	5871.17	6045.34	5617.75	5967.38	2017-10-24T00:00:00.0000000Z	2017-10-23T00:00:00.0000000Z	29377	15331.296744065	BTC
510	511	5523.4	5870.0	5453.01	5869.82	2017-10-25T00:00:00.0000000Z	2017-10-24T00:00:00.0000000Z	34771	17286.723739293	BTC
511	512	5735.88	5748.0	5366.0	5512.63	2017-10-26T00:00:00.0000000Z	2017-10-25T00:00:00.0000000Z	21179	12349.106702188	BTC
512	513	5890.0	5988.0	5683.0	5741.35	2017-10-27T00:00:00.0000000Z	2017-10-26T00:00:00.0000000Z	21148	11788.302589144	BTC
513	514	5771.89	5994.06	5674.06	5889.99	2017-10-28T00:00:00.0000000Z	2017-10-27T00:00:00.0000000Z	25451	11911.04199621	BTC
514	515	5730.69	5875.66	5646.18	5773.03	2017-10-29T00:00:00.0000000Z	2017-10-28T00:00:00.0000000Z	11577	5926.297371572	BTC
515	516	6137.37	6316.85	5683.0	5731.7	2017-10-30T00:00:00.0000000Z	2017-10-29T00:00:00.0000000Z	24105	16086.625694647	BTC
516	517	6119.99	6229.77	6024.03	6133.01	2017-10-31T00:00:00.0000000Z	2017-10-30T00:00:00.0000000Z	19664	9574.531438102	BTC
517	518	6434.21	6449.78	6072.81	6120.0	2017-11-01T00:00:00.0000000Z	2017-10-31T00:00:00.0000000Z	25408	12877.341074015	BTC
518	519	6741.59	6756.36	6340.01	6434.24	2017-11-02T00:00:00.0000000Z	2017-11-01T00:00:00.0000000Z	25757	12967.222116365	BTC
519	520	7030.0	7354.1	6700.0	6745.04	2017-11-03T00:00:00.0000000Z	2017-11-02T00:00:00.0000000Z	46945	26514.651194503	BTC
520	521	7146.82	7500.0	6925.22	7030.0	2017-11-04T00:00:00.0000000Z	2017-11-03T00:00:00.0000000Z	35292	15999.783796824	BTC
521	522	7388.83	7569.9	6994.0	7145.24	2017-11-05T00:00:00.0000000Z	2017-11-04T00:00:00.0000000Z	18070	9200.114618431	BTC
522	523	7372.72	7590.0	7275.16	7388.79	2017-11-06T00:00:00.0000000Z	2017-11-05T00:00:00.0000000Z	24234	9218.326897748	BTC
523	524	6967.68	7421.39	6922.07	7373.3	2017-11-07T00:00:00.0000000Z	2017-11-06T00:00:00.0000000Z	37655	19323.128757442	BTC
524	525	7130.28	7244.69	6945.0	6967.64	2017-11-08T00:00:00.0000000Z	2017-11-07T00:00:00.0000000Z	25091	11634.265296491	BTC
525	526	7450.32	7888.0	7080.01	7131.38	2017-11-09T00:00:00.0000000Z	2017-11-08T00:00:00.0000000Z	41887	24648.579963555	BTC
526	527	7148.0	7490.0	7061.2	7465.06	2017-11-10T00:00:00.0000000Z	2017-11-09T00:00:00.0000000Z	29743	14799.223472021	BTC
527	528	6588.18	7343.18	6429.44	7150.61	2017-11-11T00:00:00.0000000Z	2017-11-10T00:00:00.0000000Z	44138	26614.276052273	BTC
528	529	6355.13	6820.0	6218.0	6588.18	2017-11-12T00:00:00.0000000Z	2017-11-11T00:00:00.0000000Z	29012	14684.139440841	BTC
529	530	5870.37	6488.88	5555.55	6355.13	2017-11-13T00:00:00.0000000Z	2017-11-12T00:00:00.0000000Z	49976	37315.156639768	BTC
530	531	6525.17	6775.75	5846.0	5870.03	2017-11-14T00:00:00.0000000Z	2017-11-13T00:00:00.0000000Z	50318	27201.042108316	BTC
531	532	6609.0	6750.0	6466.88	6524.69	2017-11-15T00:00:00.0000000Z	2017-11-14T00:00:00.0000000Z	27833	12072.053088024	BTC
532	533	7294.0	7350.0	6609.0	6609.0	2017-11-16T00:00:00.0000000Z	2017-11-15T00:00:00.0000000Z	31275	16869.89791294	BTC
533	534	7846.96	7976.79	7120.85	7294.0	2017-11-17T00:00:00.0000000Z	2017-11-16T00:00:00.0000000Z	39873	19272.371476638	BTC
534	535	7674.99	7997.0	7528.5	7846.96	2017-11-18T00:00:00.0000000Z	2017-11-17T00:00:00.0000000Z	42538	17524.666293127	BTC
535	536	7771.03	7858.0	7431.54	7675.0	2017-11-19T00:00:00.0000000Z	2017-11-18T00:00:00.0000000Z	25584	7310.497697678	BTC
536	537	8016.58	8087.35	7675.0	7775.55	2017-11-20T00:00:00.0000000Z	2017-11-19T00:00:00.0000000Z	24750	8307.777508557	BTC
537	538	8226.17	8269.99	7900.0	8016.58	2017-11-21T00:00:00.0000000Z	2017-11-20T00:00:00.0000000Z	25458	8179.457727253	BTC
538	539	8095.23	8354.46	7770.0	8226.14	2017-11-22T00:00:00.0000000Z	2017-11-21T00:00:00.0000000Z	39961	13686.511238682	BTC
539	540	8214.69	8310.89	8045.76	8095.19	2017-11-23T00:00:00.0000000Z	2017-11-22T00:00:00.0000000Z	28150	8078.58080135	BTC
540	541	7989.0	8279.76	7980.0	8214.69	2017-11-24T00:00:00.0000000Z	2017-11-23T00:00:00.0000000Z	25336	7811.79339995	BTC
541	542	8199.19	8340.0	7876.0	7988.96	2017-11-25T00:00:00.0000000Z	2017-11-24T00:00:00.0000000Z	35178	9289.989257006	BTC
542	543	8717.99	8737.0	8114.78	8199.83	2017-11-26T00:00:00.0000000Z	2017-11-25T00:00:00.0000000Z	28557	11611.666378857	BTC
543	544	9271.06	9366.6	8538.2	8718.0	2017-11-27T00:00:00.0000000Z	2017-11-26T00:00:00.0000000Z	35226	11864.841602028	BTC
544	545	9708.07	9721.7	9267.0	9278.99	2017-11-28T00:00:00.0000000Z	2017-11-27T00:00:00.0000000Z	49513	13272.452540095	BTC
545	546	9868.82	9968.0	9582.25	9708.06	2017-11-29T00:00:00.0000000Z	2017-11-28T00:00:00.0000000Z	45752	11214.92993112	BTC
546	547	9824.68	11395.0	9250.0	9877.63	2017-11-30T00:00:00.0000000Z	2017-11-29T00:00:00.0000000Z	96239	33184.500740173	BTC
547	548	9947.67	10618.29	9000.0	9833.7	2017-12-01T00:00:00.0000000Z	2017-11-30T00:00:00.0000000Z	80092	25433.398359301	BTC
548	549	10840.45	10949.89	9370.11	9935.0	2017-12-02T00:00:00.0000000Z	2017-12-01T00:00:00.0000000Z	57337	16708.032248436	BTC
549	550	10872.0	11200.0	10637.69	10840.45	2017-12-03T00:00:00.0000000Z	2017-12-02T00:00:00.0000000Z	40618	9265.942054665	BTC
550	551	11250.0	11800.01	10513.16	10875.68	2017-12-04T00:00:00.0000000Z	2017-12-03T00:00:00.0000000Z	56115	14238.525876969	BTC
551	552	11613.07	11613.07	10850.0	11250.0	2017-12-05T00:00:00.0000000Z	2017-12-04T00:00:00.0000000Z	55782	13621.481972784	BTC
552	553	11677.0	11850.0	11384.25	11613.07	2017-12-06T00:00:00.0000000Z	2017-12-05T00:00:00.0000000Z	50649	11824.026678606	BTC
553	554	13623.5	13700.0	11659.8	11676.99	2017-12-07T00:00:00.0000000Z	2017-12-06T00:00:00.0000000Z	78463	19784.873487086	BTC
554	555	16599.99	16615.62	13085.9	13623.0	2017-12-08T00:00:00.0000000Z	2017-12-07T00:00:00.0000000Z	114333	25719.995030766	BTC
555	556	15800.0	16666.66	13482.42	16599.99	2017-12-09T00:00:00.0000000Z	2017-12-08T00:00:00.0000000Z	111014	25270.341339612	BTC
556	557	14607.49	15998.5	12701.05	15799.87	2017-12-10T00:00:00.0000000Z	2017-12-09T00:00:00.0000000Z	79043	16587.391358595	BTC
557	558	14691.0	15385.0	13011.0	14601.01	2017-12-11T00:00:00.0000000Z	2017-12-10T00:00:00.0000000Z	78376	18473.601936535	BTC
558	559	16470.0	17270.0	14677.19	14690.99	2017-12-12T00:00:00.0000000Z	2017-12-11T00:00:00.0000000Z	77565	16593.407638175	BTC
559	560	16650.01	17428.42	15967.29	16470.0	2017-12-13T00:00:00.0000000Z	2017-12-12T00:00:00.0000000Z	93083	13519.379361591	BTC
560	561	16250.0	17107.03	15497.69	16650.01	2017-12-14T00:00:00.0000000Z	2017-12-13T00:00:00.0000000Z	97050	17153.242902022	BTC
561	562	16404.99	16830.45	15852.69	16245.02	2017-12-15T00:00:00.0000000Z	2017-12-14T00:00:00.0000000Z	93422	13412.99612969	BTC
562	563	17471.5	17934.0	16337.19	16404.99	2017-12-16T00:00:00.0000000Z	2017-12-15T00:00:00.0000000Z	91631	19041.494170212	BTC
563	564	19187.78	19377.0	17269.99	17477.98	2017-12-17T00:00:00.0000000Z	2017-12-16T00:00:00.0000000Z	79105	9761.412552621	BTC
564	565	18953.0	19666.0	18465.0	19187.78	2017-12-18T00:00:00.0000000Z	2017-12-17T00:00:00.0000000Z	74305	9749.303065124	BTC
565	566	18940.57	19220.0	17835.2	18953.0	2017-12-19T00:00:00.0000000Z	2017-12-18T00:00:00.0000000Z	71249	14679.222573758	BTC
566	567	17700.0	19160.79	16831.26	18940.58	2017-12-20T00:00:00.0000000Z	2017-12-19T00:00:00.0000000Z	86781	21543.620503562	BTC
567	568	16466.98	17950.0	15343.04	17700.0	2017-12-21T00:00:00.0000000Z	2017-12-20T00:00:00.0000000Z	104971	31176.82345153	BTC
568	569	15600.01	17281.17	15005.0	16466.98	2017-12-22T00:00:00.0000000Z	2017-12-21T00:00:00.0000000Z	93837	20428.866951941	BTC
569	570	14009.79	15795.61	11159.93	15600.0	2017-12-23T00:00:00.0000000Z	2017-12-22T00:00:00.0000000Z	181616	57468.012480334	BTC
570	571	14619.0	15756.22	13496.48	13980.0	2017-12-24T00:00:00.0000000Z	2017-12-23T00:00:00.0000000Z	95865	21786.947536268	BTC
571	572	14157.87	14619.1	12488.0	14619.0	2017-12-25T00:00:00.0000000Z	2017-12-24T00:00:00.0000000Z	63641	18519.672939226	BTC
572	573	13911.28	14650.0	13210.0	14107.87	2017-12-26T00:00:00.0000000Z	2017-12-25T00:00:00.0000000Z	39384	11564.544333063	BTC
573	574	15764.44	16147.87	13746.95	13925.5	2017-12-27T00:00:00.0000000Z	2017-12-26T00:00:00.0000000Z	63473	15056.207023805	BTC
574	575	15364.93	16480.52	14484.0	15764.45	2017-12-28T00:00:00.0000000Z	2017-12-27T00:00:00.0000000Z	83062	15651.235237076	BTC
575	576	14470.07	15474.19	13500.0	15390.05	2017-12-29T00:00:00.0000000Z	2017-12-28T00:00:00.0000000Z	67295	16604.621526502	BTC
576	577	14340.0	15111.0	13998.0	14436.99	2017-12-30T00:00:00.0000000Z	2017-12-29T00:00:00.0000000Z	70990	13519.73613004	BTC
577	578	12640.0	14463.28	12050.0	14351.0	2017-12-31T00:00:00.0000000Z	2017-12-30T00:00:00.0000000Z	106522	21759.226485002	BTC
578	579	13880.0	14296.06	12491.21	12640.0	2018-01-01T00:00:00.0000000Z	2017-12-31T00:00:00.0000000Z	52749	11583.418646941	BTC
579	580	13443.41	13941.75	12801.38	13880.0	2018-01-02T00:00:00.0000000Z	2018-01-01T00:00:00.0000000Z	35486	7688.475017236	BTC
580	581	14678.94	15257.53	12910.58	13394.2	2018-01-03T00:00:00.0000000Z	2018-01-02T00:00:00.0000000Z	66050	16311.92133417	BTC
581	582	15155.62	15500.0	14546.28	14670.96	2018-01-04T00:00:00.0000000Z	2018-01-03T00:00:00.0000000Z	64073	12275.001196632	BTC
582	583	15143.67	15430.27	14192.37	15155.62	2018-01-05T00:00:00.0000000Z	2018-01-04T00:00:00.0000000Z	81329	15004.018592513	BTC
583	584	16928.0	17200.0	14810.0	15143.67	2018-01-06T00:00:00.0000000Z	2018-01-05T00:00:00.0000000Z	77487	16234.815964438	BTC
584	585	17149.67	17234.99	16220.0	16927.99	2018-01-07T00:00:00.0000000Z	2018-01-06T00:00:00.0000000Z	47698	9503.654969226	BTC
585	586	16124.02	17149.97	15707.16	17142.43	2018-01-08T00:00:00.0000000Z	2018-01-07T00:00:00.0000000Z	47855	8632.813843339	BTC
586	587	14999.99	16300.0	13900.0	16173.98	2018-01-09T00:00:00.0000000Z	2018-01-08T00:00:00.0000000Z	79829	16676.432492349	BTC
587	588	14403.51	15367.18	14123.97	14999.99	2018-01-10T00:00:00.0000000Z	2018-01-09T00:00:00.0000000Z	70675	13913.308817012	BTC
588	589	14890.02	14900.0	13412.0	14403.51	2018-01-11T00:00:00.0000000Z	2018-01-10T00:00:00.0000000Z	83770	18479.02881162	BTC
589	590	13243.83	14973.07	12800.0	14899.99	2018-01-12T00:00:00.0000000Z	2018-01-11T00:00:00.0000000Z	90683	19630.075171067	BTC
590	591	13781.41	14152.19	12807.27	13249.99	2018-01-13T00:00:00.0000000Z	2018-01-12T00:00:00.0000000Z	58244	12718.126050386	BTC
591	592	14197.78	14619.1	13789.42	13829.28	2018-01-14T00:00:00.0000000Z	2018-01-13T00:00:00.0000000Z	38321	7031.123845368	BTC
592	593	13647.99	14365.81	13072.22	14197.78	2018-01-15T00:00:00.0000000Z	2018-01-14T00:00:00.0000000Z	37045	7306.214932223	BTC
593	594	13607.04	14394.36	13429.25	13647.99	2018-01-16T00:00:00.0000000Z	2018-01-15T00:00:00.0000000Z	40654	9450.132449779	BTC
594	595	11386.34	13607.04	10162.0	13581.66	2018-01-17T00:00:00.0000000Z	2018-01-16T00:00:00.0000000Z	131724	38784.535093032	BTC
595	596	11191.35	11794.07	9222.0	11393.97	2018-01-18T00:00:00.0000000Z	2018-01-17T00:00:00.0000000Z	135593	41331.523224275	BTC
596	597	11247.57	12146.0	10693.0	11199.0	2018-01-19T00:00:00.0000000Z	2018-01-18T00:00:00.0000000Z	83348	22194.271393693	BTC
597	598	11552.0	12050.39	11025.18	11290.9	2018-01-20T00:00:00.0000000Z	2018-01-19T00:00:00.0000000Z	49681	13204.012175619	BTC
598	599	12775.99	13052.12	11515.94	11560.82	2018-01-21T00:00:00.0000000Z	2018-01-20T00:00:00.0000000Z	42263	10320.45459333	BTC
599	600	11558.87	12791.88	11100.0	12782.99	2018-01-22T00:00:00.0000000Z	2018-01-21T00:00:00.0000000Z	47832	11598.725068455	BTC
600	601	10808.99	11910.78	10028.41	11558.87	2018-01-23T00:00:00.0000000Z	2018-01-22T00:00:00.0000000Z	64536	17064.203421224	BTC
601	602	10851.82	11409.87	9927.54	10810.0	2018-01-24T00:00:00.0000000Z	2018-01-23T00:00:00.0000000Z	62278	17233.136496079	BTC
602	603	11400.96	11500.0	10488.13	10848.99	2018-01-25T00:00:00.0000000Z	2018-01-24T00:00:00.0000000Z	40392	11572.783688859	BTC
603	604	11155.54	11741.82	10868.57	11400.98	2018-01-26T00:00:00.0000000Z	2018-01-25T00:00:00.0000000Z	38871	10212.844437279	BTC
604	605	11092.95	11635.0	10263.32	11140.01	2018-01-27T00:00:00.0000000Z	2018-01-26T00:00:00.0000000Z	48899	15061.628285061	BTC
605	606	11446.54	11630.47	10815.84	11093.74	2018-01-28T00:00:00.0000000Z	2018-01-27T00:00:00.0000000Z	39815	10302.133179886	BTC
606	607	11685.58	11989.15	11360.52	11446.54	2018-01-29T00:00:00.0000000Z	2018-01-28T00:00:00.0000000Z	42709	9941.187647914	BTC
607	608	11162.62	11820.01	10991.0	11685.58	2018-01-30T00:00:00.0000000Z	2018-01-29T00:00:00.0000000Z	40894	9987.5837822	BTC
608	609	9971.0	11222.36	9731.2	11162.62	2018-01-31T00:00:00.0000000Z	2018-01-30T00:00:00.0000000Z	57338	21071.783161139	BTC
609	610	10149.0	10324.0	9514.96	9971.0	2018-02-01T00:00:00.0000000Z	2018-01-31T00:00:00.0000000Z	39138	12740.344658998	BTC
610	611	8998.99	10187.56	8455.0	10148.99	2018-02-02T00:00:00.0000000Z	2018-02-01T00:00:00.0000000Z	79705	26293.600006475	BTC
611	612	8838.83	9096.78	7625.25	9010.87	2018-02-03T00:00:00.0000000Z	2018-02-02T00:00:00.0000000Z	64518	27055.845369415	BTC
612	613	9225.86	9491.2	8170.71	8838.29	2018-02-04T00:00:00.0000000Z	2018-02-03T00:00:00.0000000Z	56806	16202.362734757	BTC
613	614	8191.0	9350.09	7825.0	9225.31	2018-02-05T00:00:00.0000000Z	2018-02-04T00:00:00.0000000Z	54054	19110.672460752	BTC
614	615	6874.27	8335.56	6600.0	8190.78	2018-02-06T00:00:00.0000000Z	2018-02-05T00:00:00.0000000Z	91907	46519.157498968	BTC
615	616	7737.37	8150.0	5920.72	6878.65	2018-02-07T00:00:00.0000000Z	2018-02-06T00:00:00.0000000Z	128047	70870.319274987	BTC
616	617	7588.01	8649.0	7213.8	7737.26	2018-02-08T00:00:00.0000000Z	2018-02-07T00:00:00.0000000Z	73735	32620.278669526	BTC
617	618	8259.76	8644.36	7565.5	7588.01	2018-02-09T00:00:00.0000000Z	2018-02-08T00:00:00.0000000Z	44023	22738.687935517	BTC
618	619	8693.98	8779.62	7753.32	8259.42	2018-02-10T00:00:00.0000000Z	2018-02-09T00:00:00.0000000Z	48598	18655.945145373	BTC
619	620	8560.0	9090.8	8170.86	8693.98	2018-02-11T00:00:00.0000000Z	2018-02-10T00:00:00.0000000Z	50221	14678.152654952	BTC
620	621	8067.0	8560.0	7820.0	8560.0	2018-02-12T00:00:00.0000000Z	2018-02-11T00:00:00.0000000Z	30826	12801.068868563	BTC
621	622	8899.0	8995.0	8067.0	8077.25	2018-02-13T00:00:00.0000000Z	2018-02-12T00:00:00.0000000Z	37636	15051.874367436	BTC
622	623	8522.99	8951.89	8360.13	8891.2	2018-02-14T00:00:00.0000000Z	2018-02-13T00:00:00.0000000Z	32550	11374.27415252	BTC
623	624	9490.98	9515.0	8504.57	8504.57	2018-02-15T00:00:00.0000000Z	2018-02-14T00:00:00.0000000Z	52310	17464.531068593	BTC
624	625	10018.0	10234.0	9350.0	9490.98	2018-02-16T00:00:00.0000000Z	2018-02-15T00:00:00.0000000Z	55078	21032.993087605	BTC
625	626	10196.0	10300.0	9707.51	10011.3	2018-02-17T00:00:00.0000000Z	2018-02-16T00:00:00.0000000Z	34671	11852.390819128	BTC
626	627	11101.0	11135.83	10053.5	10203.14	2018-02-18T00:00:00.0000000Z	2018-02-17T00:00:00.0000000Z	38654	14507.736781776	BTC
627	628	10421.06	11300.0	10153.15	11101.0	2018-02-19T00:00:00.0000000Z	2018-02-18T00:00:00.0000000Z	43815	17588.506681122	BTC
628	629	11173.0	11262.48	10307.51	10433.68	2018-02-20T00:00:00.0000000Z	2018-02-19T00:00:00.0000000Z	29697	11697.731466941	BTC
629	630	11233.41	11780.0	11080.37	11159.12	2018-02-21T00:00:00.0000000Z	2018-02-20T00:00:00.0000000Z	43189	15880.909039778	BTC
630	631	10449.4	11275.74	10256.0	11233.42	2018-02-22T00:00:00.0000000Z	2018-02-21T00:00:00.0000000Z	51446	19959.677156488	BTC
631	632	9843.34	10935.0	9731.2	10446.79	2018-02-23T00:00:00.0000000Z	2018-02-22T00:00:00.0000000Z	48110	20204.690953815	BTC
632	633	10166.1	10405.3	9600.0	9843.33	2018-02-24T00:00:00.0000000Z	2018-02-23T00:00:00.0000000Z	36861	16044.039303317	BTC
633	634	9689.99	10540.63	9373.48	10135.2	2018-02-25T00:00:00.0000000Z	2018-02-24T00:00:00.0000000Z	39853	13972.714723488	BTC
634	635	9590.04	9883.41	9260.0	9688.26	2018-02-26T00:00:00.0000000Z	2018-02-25T00:00:00.0000000Z	30733	11018.494635522	BTC
635	636	10324.7	10461.97	9376.34	9595.99	2018-02-27T00:00:00.0000000Z	2018-02-26T00:00:00.0000000Z	46509	16156.801570102	BTC
636	637	10566.3	10850.0	10150.0	10329.99	2018-02-28T00:00:00.0000000Z	2018-02-27T00:00:00.0000000Z	32613	10408.479937728	BTC
637	638	10314.9	11064.75	10255.07	10572.49	2018-03-01T00:00:00.0000000Z	2018-02-28T00:00:00.0000000Z	35471	10490.749058142	BTC
638	639	10903.13	11090.0	10223.41	10314.99	2018-03-02T00:00:00.0000000Z	2018-03-01T00:00:00.0000000Z	29563	9478.764525427	BTC
639	640	11029.99	11175.0	10774.01	10917.37	2018-03-03T00:00:00.0000000Z	2018-03-02T00:00:00.0000000Z	36411	8328.423828351	BTC
640	641	11445.0	11503.24	11022.85	11032.81	2018-03-04T00:00:00.0000000Z	2018-03-03T00:00:00.0000000Z	32328	7786.267539489	BTC
641	642	11463.27	11511.0	11054.91	11445.0	2018-03-05T00:00:00.0000000Z	2018-03-04T00:00:00.0000000Z	26290	6831.630702776	BTC
642	643	11419.24	11688.0	11383.66	11479.68	2018-03-06T00:00:00.0000000Z	2018-03-05T00:00:00.0000000Z	29282	9933.676233343	BTC
643	644	10723.76	11420.01	10560.19	11417.39	2018-03-07T00:00:00.0000000Z	2018-03-06T00:00:00.0000000Z	35707	14734.419493107	BTC
644	645	9913.03	10911.78	9450.0	10723.01	2018-03-08T00:00:00.0000000Z	2018-03-07T00:00:00.0000000Z	59016	26116.511847994	BTC
645	646	9285.32	10150.0	9078.95	9904.52	2018-03-09T00:00:00.0000000Z	2018-03-08T00:00:00.0000000Z	55942	22585.938065311	BTC
646	647	9230.0	9420.39	8366.0	9293.06	2018-03-10T00:00:00.0000000Z	2018-03-09T00:00:00.0000000Z	68924	29027.709693441	BTC
647	648	8791.47	9514.96	8697.0	9228.83	2018-03-11T00:00:00.0000000Z	2018-03-10T00:00:00.0000000Z	35901	12898.098336762	BTC
648	649	9535.04	9768.37	8450.0	8795.04	2018-03-12T00:00:00.0000000Z	2018-03-11T00:00:00.0000000Z	53279	16413.325394859	BTC
649	650	9120.75	9892.0	8742.07	9535.04	2018-03-13T00:00:00.0000000Z	2018-03-12T00:00:00.0000000Z	40387	18754.230727834	BTC
650	651	9142.32	9482.79	8830.0	9115.24	2018-03-14T00:00:00.0000000Z	2018-03-13T00:00:00.0000000Z	43416	16000.842620406	BTC
651	652	8196.69	9356.14	7948.0	9152.07	2018-03-15T00:00:00.0000000Z	2018-03-14T00:00:00.0000000Z	49899	21238.391789253	BTC
652	653	8265.05	8425.0	7682.0	8195.99	2018-03-16T00:00:00.0000000Z	2018-03-15T00:00:00.0000000Z	58136	18423.394002489	BTC
653	654	8258.54	8613.06	7914.08	8265.05	2018-03-17T00:00:00.0000000Z	2018-03-16T00:00:00.0000000Z	35517	16510.92054794	BTC
654	655	7860.83	8356.4	7730.23	8258.54	2018-03-18T00:00:00.0000000Z	2018-03-17T00:00:00.0000000Z	24381	12204.854246294	BTC
655	656	8188.24	8324.92	7325.37	7860.83	2018-03-19T00:00:00.0000000Z	2018-03-18T00:00:00.0000000Z	45083	19593.9588315	BTC
656	657	8596.93	8718.74	8114.17	8205.55	2018-03-20T00:00:00.0000000Z	2018-03-19T00:00:00.0000000Z	49522	19400.659971228	BTC
657	658	8904.02	9051.0	8313.01	8596.79	2018-03-21T00:00:00.0000000Z	2018-03-20T00:00:00.0000000Z	42693	13470.887494286	BTC
658	659	8893.79	9188.1	8754.83	8904.02	2018-03-22T00:00:00.0000000Z	2018-03-21T00:00:00.0000000Z	36543	11777.987064597	BTC
659	660	8704.67	9099.59	8503.52	8892.18	2018-03-23T00:00:00.0000000Z	2018-03-22T00:00:00.0000000Z	32870	12762.733241688	BTC
660	661	8920.79	8920.79	8265.0	8708.52	2018-03-24T00:00:00.0000000Z	2018-03-23T00:00:00.0000000Z	41565	13799.27144153	BTC
661	662	8547.0	9020.0	8505.0	8917.99	2018-03-25T00:00:00.0000000Z	2018-03-24T00:00:00.0000000Z	32800	9724.637994995	BTC
662	663	8453.9	8680.0	8368.63	8541.96	2018-03-26T00:00:00.0000000Z	2018-03-25T00:00:00.0000000Z	28443	9165.467269604	BTC
663	664	8149.66	8500.0	7831.15	8451.12	2018-03-27T00:00:00.0000000Z	2018-03-26T00:00:00.0000000Z	47152	17670.81951378	BTC
664	665	7791.7	8211.62	7742.11	8152.26	2018-03-28T00:00:00.0000000Z	2018-03-27T00:00:00.0000000Z	44154	12390.633146009	BTC
665	666	7932.41	8104.98	7723.03	7791.69	2018-03-29T00:00:00.0000000Z	2018-03-28T00:00:00.0000000Z	40773	8439.808607292	BTC
666	667	7088.38	7968.0	6914.53	7932.41	2018-03-30T00:00:00.0000000Z	2018-03-29T00:00:00.0000000Z	63169	22145.675449927	BTC
667	668	6850.0	7302.35	6550.0	7086.14	2018-03-31T00:00:00.0000000Z	2018-03-30T00:00:00.0000000Z	73091	29110.030523107	BTC
668	669	6928.62	7231.73	6794.26	6839.63	2018-04-01T00:00:00.0000000Z	2018-03-31T00:00:00.0000000Z	41185	11586.029713613	BTC
669	670	6813.52	7045.71	6427.16	6926.5	2018-04-02T00:00:00.0000000Z	2018-04-01T00:00:00.0000000Z	46750	18053.593151389	BTC
670	671	7052.76	7106.5	6759.96	6816.31	2018-04-03T00:00:00.0000000Z	2018-04-02T00:00:00.0000000Z	33936	13635.837846434	BTC
671	672	7416.27	7506.84	7001.28	7052.75	2018-04-04T00:00:00.0000000Z	2018-04-03T00:00:00.0000000Z	44853	16094.892134747	BTC
672	673	6799.95	7430.0	6710.38	7415.53	2018-04-05T00:00:00.0000000Z	2018-04-04T00:00:00.0000000Z	34554	15789.782099436	BTC
673	674	6771.69	6928.7	6578.95	6799.37	2018-04-06T00:00:00.0000000Z	2018-04-05T00:00:00.0000000Z	34561	11894.535978051	BTC
674	675	6618.33	6850.0	6510.0	6771.3	2018-04-07T00:00:00.0000000Z	2018-04-06T00:00:00.0000000Z	29548	8478.418068954	BTC
675	676	6904.9	7069.13	6600.99	6627.7	2018-04-08T00:00:00.0000000Z	2018-04-07T00:00:00.0000000Z	26198	7683.041652586	BTC
676	677	7027.26	7104.52	6894.8	6904.21	2018-04-09T00:00:00.0000000Z	2018-04-08T00:00:00.0000000Z	17425	4352.697942011	BTC
677	678	6780.1	7175.83	6611.49	7027.26	2018-04-10T00:00:00.0000000Z	2018-04-09T00:00:00.0000000Z	44172	10105.283362725	BTC
678	679	6835.67	6900.0	6653.21	6782.39	2018-04-11T00:00:00.0000000Z	2018-04-10T00:00:00.0000000Z	39990	6489.889695739	BTC
679	680	6940.94	6984.92	6809.26	6824.75	2018-04-12T00:00:00.0000000Z	2018-04-11T00:00:00.0000000Z	30341	5829.425345127	BTC
680	681	7923.78	8069.34	6758.45	6940.94	2018-04-13T00:00:00.0000000Z	2018-04-12T00:00:00.0000000Z	67721	19046.738695625	BTC
681	682	7896.92	8239.33	7753.32	7923.78	2018-04-14T00:00:00.0000000Z	2018-04-13T00:00:00.0000000Z	55266	19605.942750735	BTC
682	683	8000.41	8232.14	7835.0	7885.9	2018-04-15T00:00:00.0000000Z	2018-04-14T00:00:00.0000000Z	33079	8935.530714763	BTC
683	684	8354.22	8417.0	8001.23	8003.39	2018-04-16T00:00:00.0000000Z	2018-04-15T00:00:00.0000000Z	27627	7542.840815628	BTC
684	685	8048.15	8424.99	7905.0	8353.43	2018-04-17T00:00:00.0000000Z	2018-04-16T00:00:00.0000000Z	32384	10866.60295747	BTC
685	686	7890.87	8160.85	7806.81	8054.68	2018-04-18T00:00:00.0000000Z	2018-04-17T00:00:00.0000000Z	29746	9277.151215369	BTC
686	687	8172.84	8235.0	7870.35	7890.87	2018-04-19T00:00:00.0000000Z	2018-04-18T00:00:00.0000000Z	26856	9227.204598064	BTC
687	688	8271.31	8297.99	8074.44	8172.83	2018-04-20T00:00:00.0000000Z	2018-04-19T00:00:00.0000000Z	29792	9436.846327611	BTC
688	689	8861.0	8934.0	8216.9	8273.0	2018-04-21T00:00:00.0000000Z	2018-04-20T00:00:00.0000000Z	42441	16059.622671318	BTC
689	690	8920.71	9023.4	8608.0	8865.78	2018-04-22T00:00:00.0000000Z	2018-04-21T00:00:00.0000000Z	38859	15336.307927403	BTC
690	691	8789.96	9036.52	8760.0	8924.93	2018-04-23T00:00:00.0000000Z	2018-04-22T00:00:00.0000000Z	25924	9346.451759237	BTC
691	692	8946.95	9006.39	8771.22	8781.7	2018-04-24T00:00:00.0000000Z	2018-04-23T00:00:00.0000000Z	26994	10286.117714879	BTC
692	693	9648.0	9737.16	8930.0	8942.0	2018-04-25T00:00:00.0000000Z	2018-04-24T00:00:00.0000000Z	49774	20393.622336749	BTC
693	694	8864.99	9755.53	8751.0	9648.36	2018-04-26T00:00:00.0000000Z	2018-04-25T00:00:00.0000000Z	70776	33035.904044781	BTC
694	695	9274.48	9326.79	8647.29	8855.07	2018-04-27T00:00:00.0000000Z	2018-04-26T00:00:00.0000000Z	50129	20042.961722094	BTC
695	696	8921.43	9387.82	8901.09	9277.32	2018-04-28T00:00:00.0000000Z	2018-04-27T00:00:00.0000000Z	34628	11375.514375445	BTC
696	697	9345.11	9442.34	8854.47	8916.54	2018-04-29T00:00:00.0000000Z	2018-04-28T00:00:00.0000000Z	40524	15558.402301912	BTC
697	698	9393.99	9538.75	9180.0	9352.97	2018-04-30T00:00:00.0000000Z	2018-04-29T00:00:00.0000000Z	42950	10940.7180306	BTC
698	699	9242.17	9443.96	9111.0	9396.32	2018-05-01T00:00:00.0000000Z	2018-04-30T00:00:00.0000000Z	34594	8085.688294542	BTC
699	700	9066.9	9249.99	8815.91	9243.51	2018-05-02T00:00:00.0000000Z	2018-05-01T00:00:00.0000000Z	43574	12138.263960461	BTC
700	701	9222.0	9259.16	8975.23	9066.9	2018-05-03T00:00:00.0000000Z	2018-05-02T00:00:00.0000000Z	32152	10575.174977906	BTC
701	702	9732.43	9799.99	9165.19	9220.0	2018-05-04T00:00:00.0000000Z	2018-05-03T00:00:00.0000000Z	42231	11670.799578596	BTC
702	703	9696.57	9784.73	9527.38	9737.0	2018-05-05T00:00:00.0000000Z	2018-05-04T00:00:00.0000000Z	28162	7326.052071074	BTC
703	704	9823.28	9948.98	9670.68	9689.0	2018-05-06T00:00:00.0000000Z	2018-05-05T00:00:00.0000000Z	29211	7403.105023497	BTC
704	705	9623.54	9918.41	9375.0	9827.04	2018-05-07T00:00:00.0000000Z	2018-05-06T00:00:00.0000000Z	30264	8155.576856582	BTC
705	706	9359.52	9634.5	9175.0	9621.99	2018-05-08T00:00:00.0000000Z	2018-05-07T00:00:00.0000000Z	38953	13616.348593285	BTC
706	707	9167.69	9450.0	9015.0	9356.79	2018-05-09T00:00:00.0000000Z	2018-05-08T00:00:00.0000000Z	36893	11418.31053649	BTC
707	708	9308.49	9368.79	8974.62	9181.52	2018-05-10T00:00:00.0000000Z	2018-05-09T00:00:00.0000000Z	32843	11368.834325363	BTC
708	709	9020.99	9393.0	8987.74	9308.49	2018-05-11T00:00:00.0000000Z	2018-05-10T00:00:00.0000000Z	30689	11762.672901205	BTC
709	710	8411.42	9018.38	8351.0	9007.19	2018-05-12T00:00:00.0000000Z	2018-05-11T00:00:00.0000000Z	59722	20383.926609879	BTC
710	711	8481.6	8652.8	8208.81	8408.79	2018-05-13T00:00:00.0000000Z	2018-05-12T00:00:00.0000000Z	48827	15464.929402998	BTC
711	712	8696.58	8775.9	8335.56	8481.72	2018-05-14T00:00:00.0000000Z	2018-05-13T00:00:00.0000000Z	33852	9835.22450913	BTC
712	713	8674.36	8900.9	8286.57	8696.54	2018-05-15T00:00:00.0000000Z	2018-05-14T00:00:00.0000000Z	47344	18861.353016242	BTC
713	714	8474.99	8865.0	8400.0	8674.53	2018-05-16T00:00:00.0000000Z	2018-05-15T00:00:00.0000000Z	40097	12391.831986886	BTC
714	715	8346.59	8505.33	8100.01	8481.99	2018-05-17T00:00:00.0000000Z	2018-05-16T00:00:00.0000000Z	39951	12705.123219819	BTC
715	716	8067.03	8500.0	7980.0	8337.77	2018-05-18T00:00:00.0000000Z	2018-05-17T00:00:00.0000000Z	33671	8259.124524406	BTC
716	717	8248.87	8275.1	7929.53	8058.16	2018-05-19T00:00:00.0000000Z	2018-05-18T00:00:00.0000000Z	35047	7181.203883462	BTC
717	718	8231.2	8395.0	8141.08	8248.99	2018-05-20T00:00:00.0000000Z	2018-05-19T00:00:00.0000000Z	26407	3784.075766355	BTC
718	719	8518.48	8590.0	8170.71	8225.55	2018-05-21T00:00:00.0000000Z	2018-05-20T00:00:00.0000000Z	22941	5314.998899779	BTC
719	720	8391.76	8589.1	8320.0	8518.64	2018-05-22T00:00:00.0000000Z	2018-05-21T00:00:00.0000000Z	26637	6126.971053462	BTC
720	721	7984.08	8417.65	7951.41	8403.23	2018-05-23T00:00:00.0000000Z	2018-05-22T00:00:00.0000000Z	30638	9101.060786911	BTC
721	722	7502.89	8032.01	7435.49	7983.98	2018-05-24T00:00:00.0000000Z	2018-05-23T00:00:00.0000000Z	66009	17635.90129332	BTC
722	723	7586.88	7733.99	7267.24	7509.99	2018-05-25T00:00:00.0000000Z	2018-05-24T00:00:00.0000000Z	47542	11648.36524356	BTC
723	724	7471.18	7661.07	7328.13	7579.3	2018-05-26T00:00:00.0000000Z	2018-05-25T00:00:00.0000000Z	32096	10088.843311193	BTC
724	725	7335.99	7622.87	7276.04	7459.21	2018-05-27T00:00:00.0000000Z	2018-05-26T00:00:00.0000000Z	22525	4043.557650217	BTC
725	726	7347.39	7412.57	7213.09	7335.99	2018-05-28T00:00:00.0000000Z	2018-05-27T00:00:00.0000000Z	15120	3144.451109053	BTC
726	727	7112.5	7445.0	7084.99	7348.64	2018-05-29T00:00:00.0000000Z	2018-05-28T00:00:00.0000000Z	28020	6583.632529573	BTC
727	728	7469.45	7537.0	7026.9	7112.2	2018-05-30T00:00:00.0000000Z	2018-05-29T00:00:00.0000000Z	29924	11049.920992855	BTC
728	729	7375.73	7559.0	7273.89	7469.45	2018-05-31T00:00:00.0000000Z	2018-05-30T00:00:00.0000000Z	24805	8940.454005282	BTC
729	730	7492.28	7601.23	7330.22	7375.64	2018-06-01T00:00:00.0000000Z	2018-05-31T00:00:00.0000000Z	21403	7339.007269289	BTC
730	731	7511.6	7620.01	7348.45	7492.28	2018-06-02T00:00:00.0000000Z	2018-06-01T00:00:00.0000000Z	23273	6762.627572691	BTC
731	732	7642.0	7700.0	7438.92	7511.72	2018-06-03T00:00:00.0000000Z	2018-06-02T00:00:00.0000000Z	21207	4012.168755197	BTC
