	cc_ID	price_close	price_high	price_low	price_open	time_period_end	time_period_start	trades_count	volume_traded	name
0	1	1.7275	1.9659	1.685	1.7943	2016-07-29T00:00:00.0000000Z	2016-07-28T00:00:00.0000000Z	4288	194328.31839968	ETC
1	2	1.643	1.799	1.55	1.7289	2016-07-30T00:00:00.0000000Z	2016-07-29T00:00:00.0000000Z	8121	494860.56307925	ETC
2	3	1.5794	1.71	1.538	1.647	2016-07-31T00:00:00.0000000Z	2016-07-30T00:00:00.0000000Z	4340	229644.6278901	ETC
3	4	1.7979	1.934	1.5575	1.5767	2016-08-01T00:00:00.0000000Z	2016-07-31T00:00:00.0000000Z	6237	590927.012835379	ETC
4	5	2.425	2.425	1.78	1.7988	2016-08-02T00:00:00.0000000Z	2016-08-01T00:00:00.0000000Z	6994	1109413.016845229	ETC
5	6	2.8481	2.9535	2.3	2.3775	2016-08-03T00:00:00.0000000Z	2016-08-02T00:00:00.0000000Z	15313	1828720.08391295	ETC
6	7	1.65	1.96	1.505	1.75	2016-08-11T00:00:00.0000000Z	2016-08-10T00:00:00.0000000Z	1066	176763.02226968	ETC
7	8	1.848	1.96	1.556	1.65	2016-08-12T00:00:00.0000000Z	2016-08-11T00:00:00.0000000Z	1751	233142.42531251	ETC
8	9	1.84	2.35	1.7693	1.85	2016-08-13T00:00:00.0000000Z	2016-08-12T00:00:00.0000000Z	2107	207057.3417855	ETC
9	10	1.8751	1.9	1.809	1.847	2016-08-14T00:00:00.0000000Z	2016-08-13T00:00:00.0000000Z	852	90330.65063072	ETC
10	11	1.9241	1.9837	1.8548	1.857	2016-08-15T00:00:00.0000000Z	2016-08-14T00:00:00.0000000Z	1393	186696.10485357	ETC
11	12	1.853	2.03	1.8256	1.9241	2016-08-16T00:00:00.0000000Z	2016-08-15T00:00:00.0000000Z	1302	173628.08043635	ETC
12	13	1.8501	1.895	1.7757	1.853	2016-08-17T00:00:00.0000000Z	2016-08-16T00:00:00.0000000Z	608	48267.61917979	ETC
13	14	1.7462	1.8717	1.6991	1.8501	2016-08-18T00:00:00.0000000Z	2016-08-17T00:00:00.0000000Z	851	122922.19100528	ETC
14	15	1.68	1.775	1.65	1.7429	2016-08-19T00:00:00.0000000Z	2016-08-18T00:00:00.0000000Z	667	88088.76496136	ETC
15	16	1.7754	1.8126	1.6046	1.68	2016-08-20T00:00:00.0000000Z	2016-08-19T00:00:00.0000000Z	1223	155351.54866639	ETC
16	17	1.75	1.7878	1.6721	1.766	2016-08-21T00:00:00.0000000Z	2016-08-20T00:00:00.0000000Z	365	66069.22612929	ETC
17	18	1.7131	1.7836	1.6924	1.75	2016-08-22T00:00:00.0000000Z	2016-08-21T00:00:00.0000000Z	393	40869.0888306	ETC
18	19	1.6602	1.75	1.62	1.723	2016-08-23T00:00:00.0000000Z	2016-08-22T00:00:00.0000000Z	964	212135.0765238	ETC
19	20	1.61	1.6842	1.556	1.679	2016-08-24T00:00:00.0000000Z	2016-08-23T00:00:00.0000000Z	1300	292339.59613002	ETC
20	21	1.4413	1.6477	1.4371	1.61	2016-08-25T00:00:00.0000000Z	2016-08-24T00:00:00.0000000Z	1517	314572.35837228	ETC
21	22	1.3728	1.4663	1.2601	1.4432	2016-08-26T00:00:00.0000000Z	2016-08-25T00:00:00.0000000Z	2606	825824.214861319	ETC
22	23	1.4331	1.4777	1.3059	1.3671	2016-08-27T00:00:00.0000000Z	2016-08-26T00:00:00.0000000Z	2241	539626.8264403	ETC
23	24	1.3495	1.455	1.326	1.4341	2016-08-28T00:00:00.0000000Z	2016-08-27T00:00:00.0000000Z	1281	252049.250331529	ETC
24	25	1.313	1.3699	1.285	1.3365	2016-08-29T00:00:00.0000000Z	2016-08-28T00:00:00.0000000Z	1225	365277.55312818	ETC
25	26	1.2636	1.3422	1.2375	1.3262	2016-08-30T00:00:00.0000000Z	2016-08-29T00:00:00.0000000Z	1872	518749.46474709	ETC
26	27	1.2495	1.3564	1.1614	1.2602	2016-08-31T00:00:00.0000000Z	2016-08-30T00:00:00.0000000Z	1425	1041753.326679796	ETC
27	28	1.1802	1.295	1.16	1.2456	2016-09-01T00:00:00.0000000Z	2016-08-31T00:00:00.0000000Z	1158	362896.972824258	ETC
28	29	1.44	1.4999	1.1717	1.192	2016-09-02T00:00:00.0000000Z	2016-09-01T00:00:00.0000000Z	2225	999311.235356659	ETC
29	30	1.4021	1.4765	1.3645	1.451	2016-09-03T00:00:00.0000000Z	2016-09-02T00:00:00.0000000Z	1385	305628.94070495	ETC
30	31	1.3656	1.413	1.33	1.4094	2016-09-04T00:00:00.0000000Z	2016-09-03T00:00:00.0000000Z	527	80179.29403384	ETC
31	32	1.4776	1.4776	1.34	1.3798	2016-09-05T00:00:00.0000000Z	2016-09-04T00:00:00.0000000Z	873	214926.888748339	ETC
32	33	1.464	1.5477	1.4421	1.4431	2016-09-06T00:00:00.0000000Z	2016-09-05T00:00:00.0000000Z	835	144952.96142681	ETC
33	34	1.4711	1.5279	1.4423	1.464	2016-09-07T00:00:00.0000000Z	2016-09-06T00:00:00.0000000Z	612	149221.77053465	ETC
34	35	1.4876	1.4983	1.44	1.4718	2016-09-08T00:00:00.0000000Z	2016-09-07T00:00:00.0000000Z	697	236873.27102275	ETC
35	36	1.448	1.5333	1.448	1.487	2016-09-09T00:00:00.0000000Z	2016-09-08T00:00:00.0000000Z	560	132041.94228044	ETC
36	37	1.4011	1.4492	1.3811	1.448	2016-09-10T00:00:00.0000000Z	2016-09-09T00:00:00.0000000Z	878	183671.41291252	ETC
37	38	1.425	1.45	1.4	1.4005	2016-09-11T00:00:00.0000000Z	2016-09-10T00:00:00.0000000Z	1091	132392.65297652	ETC
38	39	1.3438	1.4374	1.331	1.4224	2016-09-12T00:00:00.0000000Z	2016-09-11T00:00:00.0000000Z	4515	632923.683912379	ETC
39	40	1.3301	1.3605	1.31	1.3351	2016-09-13T00:00:00.0000000Z	2016-09-12T00:00:00.0000000Z	516	169640.46490829	ETC
40	41	1.2951	1.3348	1.2763	1.3301	2016-09-14T00:00:00.0000000Z	2016-09-13T00:00:00.0000000Z	982	215825.86821494	ETC
41	42	1.2951	1.3314	1.25	1.2907	2016-09-15T00:00:00.0000000Z	2016-09-14T00:00:00.0000000Z	655	212326.32303529	ETC
42	43	1.2865	1.3122	1.2822	1.2951	2016-09-16T00:00:00.0000000Z	2016-09-15T00:00:00.0000000Z	431	120690.43944001	ETC
43	44	1.3251	1.3408	1.279	1.2861	2016-09-17T00:00:00.0000000Z	2016-09-16T00:00:00.0000000Z	646	174980.08221662	ETC
44	45	1.3264	1.3342	1.3073	1.3251	2016-09-18T00:00:00.0000000Z	2016-09-17T00:00:00.0000000Z	579	105030.02651469	ETC
45	46	1.3399	1.3611	1.3218	1.3241	2016-09-19T00:00:00.0000000Z	2016-09-18T00:00:00.0000000Z	851	282225.87428557	ETC
46	47	1.28	1.328	1.2772	1.3259	2016-09-20T00:00:00.0000000Z	2016-09-19T00:00:00.0000000Z	415	114448.83882765	ETC
47	48	1.24	1.2801	1.2266	1.28	2016-09-21T00:00:00.0000000Z	2016-09-20T00:00:00.0000000Z	877	219921.42072597	ETC
48	49	1.2257	1.265	1.1899	1.2327	2016-09-22T00:00:00.0000000Z	2016-09-21T00:00:00.0000000Z	1431	437231.842756239	ETC
49	50	1.2569	1.3415	1.12	1.22	2016-09-23T00:00:00.0000000Z	2016-09-22T00:00:00.0000000Z	1418	495890.30278293	ETC
50	51	1.2379	1.3	1.2075	1.2569	2016-09-24T00:00:00.0000000Z	2016-09-23T00:00:00.0000000Z	481	109742.37311534	ETC
51	52	1.25	1.2568	1.223	1.2379	2016-09-25T00:00:00.0000000Z	2016-09-24T00:00:00.0000000Z	351	110120.11862927	ETC
52	53	1.21	1.2547	1.21	1.2464	2016-09-26T00:00:00.0000000Z	2016-09-25T00:00:00.0000000Z	210	50420.51099118	ETC
53	54	1.2022	1.2244	1.2	1.2123	2016-09-27T00:00:00.0000000Z	2016-09-26T00:00:00.0000000Z	654	111649.20760639	ETC
54	55	1.2	1.2089	1.1618	1.2022	2016-09-28T00:00:00.0000000Z	2016-09-27T00:00:00.0000000Z	268	55826.37855992	ETC
55	56	1.2398	1.269	1.1912	1.2	2016-09-29T00:00:00.0000000Z	2016-09-28T00:00:00.0000000Z	866	243296.83180961	ETC
56	57	1.27	1.2873	1.2271	1.2445	2016-09-30T00:00:00.0000000Z	2016-09-29T00:00:00.0000000Z	610	93616.22038186	ETC
57	58	1.2648	1.2718	1.241	1.27	2016-10-01T00:00:00.0000000Z	2016-09-30T00:00:00.0000000Z	278	55321.58243684	ETC
58	59	1.1794	1.2653	1.1628	1.2552	2016-10-02T00:00:00.0000000Z	2016-10-01T00:00:00.0000000Z	378	68712.89974916	ETC
59	60	1.19	1.2199	1.17	1.19	2016-10-03T00:00:00.0000000Z	2016-10-02T00:00:00.0000000Z	364	112581.037068099	ETC
60	61	1.2	1.22	1.16	1.192	2016-10-04T00:00:00.0000000Z	2016-10-03T00:00:00.0000000Z	326	75686.9045421	ETC
61	62	1.1638	1.2042	1.1266	1.2004	2016-10-05T00:00:00.0000000Z	2016-10-04T00:00:00.0000000Z	570	138840.35972956	ETC
62	63	1.1881	1.23	1.155	1.159	2016-10-06T00:00:00.0000000Z	2016-10-05T00:00:00.0000000Z	443	117009.13957287	ETC
63	64	1.1758	1.193	1.1611	1.1881	2016-10-07T00:00:00.0000000Z	2016-10-06T00:00:00.0000000Z	114	17896.10667586	ETC
64	65	1.1687	1.1885	1.1573	1.1724	2016-10-08T00:00:00.0000000Z	2016-10-07T00:00:00.0000000Z	124	15301.82870082	ETC
65	66	1.184	1.1989	1.163	1.179	2016-10-09T00:00:00.0000000Z	2016-10-08T00:00:00.0000000Z	125	12731.05673653	ETC
66	67	1.1733	1.1913	1.1659	1.1839	2016-10-10T00:00:00.0000000Z	2016-10-09T00:00:00.0000000Z	150	10847.59620946	ETC
67	68	1.1557	1.1787	1.15	1.17	2016-10-11T00:00:00.0000000Z	2016-10-10T00:00:00.0000000Z	248	44188.97868433	ETC
68	69	1.1	1.181	1.1	1.1563	2016-10-12T00:00:00.0000000Z	2016-10-11T00:00:00.0000000Z	746	283905.162453549	ETC
69	70	1.0326	1.1126	1.0105	1.1	2016-10-13T00:00:00.0000000Z	2016-10-12T00:00:00.0000000Z	667	234671.07471098	ETC
70	71	1.013	1.0548	0.983	1.0325	2016-10-14T00:00:00.0000000Z	2016-10-13T00:00:00.0000000Z	676	214928.22868635	ETC
71	72	0.99	1.0164	0.99	1.0164	2016-10-15T00:00:00.0000000Z	2016-10-14T00:00:00.0000000Z	183	63560.0402998	ETC
72	73	0.9942	1.0088	0.9921	1.001	2016-10-16T00:00:00.0000000Z	2016-10-15T00:00:00.0000000Z	70	6830.62520119	ETC
73	74	1.2148	1.2349	0.9922	0.9922	2016-10-17T00:00:00.0000000Z	2016-10-16T00:00:00.0000000Z	755	174528.27758238	ETC
74	75	1.0771	1.2048	1.0652	1.2048	2016-10-18T00:00:00.0000000Z	2016-10-17T00:00:00.0000000Z	692	145068.13423557	ETC
75	76	1.0582	1.0742	1.0189	1.0736	2016-10-19T00:00:00.0000000Z	2016-10-18T00:00:00.0000000Z	421	103576.35779678	ETC
76	77	1.0514	1.0887	1.0231	1.057	2016-10-20T00:00:00.0000000Z	2016-10-19T00:00:00.0000000Z	272	47295.05470411	ETC
77	78	1.0438	1.064	1.0376	1.058	2016-10-21T00:00:00.0000000Z	2016-10-20T00:00:00.0000000Z	249	12272.01504799	ETC
78	79	1.0337	1.07	1.0262	1.0475	2016-10-22T00:00:00.0000000Z	2016-10-21T00:00:00.0000000Z	171	32459.87040198	ETC
79	80	1.0543	1.0736	1.0282	1.0329	2016-10-23T00:00:00.0000000Z	2016-10-22T00:00:00.0000000Z	281	29947.93523286	ETC
80	81	1.0481	1.065	1.0367	1.0543	2016-10-24T00:00:00.0000000Z	2016-10-23T00:00:00.0000000Z	155	36944.52493784	ETC
81	82	1.0329	1.0616	1.0246	1.0421	2016-10-25T00:00:00.0000000Z	2016-10-24T00:00:00.0000000Z	310	68646.658842519	ETC
82	83	1.0204	1.0446	1.01	1.0327	2016-10-26T00:00:00.0000000Z	2016-10-25T00:00:00.0000000Z	282	49200.70767863	ETC
83	84	1.036	1.045	1.0162	1.0205	2016-10-27T00:00:00.0000000Z	2016-10-26T00:00:00.0000000Z	299	79747.20371944	ETC
84	85	0.9973	1.0428	0.99001	1.0311	2016-10-28T00:00:00.0000000Z	2016-10-27T00:00:00.0000000Z	632	186124.13705777	ETC
85	86	0.95001	0.9982	0.95	0.9973	2016-10-29T00:00:00.0000000Z	2016-10-28T00:00:00.0000000Z	709	183571.46913939	ETC
86	87	0.8901	0.9745	0.873	0.95001	2016-10-30T00:00:00.0000000Z	2016-10-29T00:00:00.0000000Z	1061	352788.91726129	ETC
87	88	0.9292	0.9534	0.88361	0.89689	2016-10-31T00:00:00.0000000Z	2016-10-30T00:00:00.0000000Z	549	161640.04682272	ETC
88	89	0.9008	0.93278	0.8959	0.93278	2016-11-01T00:00:00.0000000Z	2016-10-31T00:00:00.0000000Z	367	81316.21582337	ETC
89	90	0.88798	0.905	0.8706	0.9008	2016-11-02T00:00:00.0000000Z	2016-11-01T00:00:00.0000000Z	615	129553.84321982	ETC
90	91	0.8963	0.90717	0.88	0.8851	2016-11-03T00:00:00.0000000Z	2016-11-02T00:00:00.0000000Z	253	39471.4585878	ETC
91	92	0.89559	0.92239	0.8847	0.89691	2016-11-04T00:00:00.0000000Z	2016-11-03T00:00:00.0000000Z	336	78521.89379755	ETC
92	93	0.98263	1.0199	0.89719	0.90231	2016-11-05T00:00:00.0000000Z	2016-11-04T00:00:00.0000000Z	526	153604.02931378	ETC
93	94	1.0391	1.0703	0.96	0.9769	2016-11-06T00:00:00.0000000Z	2016-11-05T00:00:00.0000000Z	731	109844.61054041	ETC
94	95	0.9858	1.047	0.97562	1.047	2016-11-07T00:00:00.0000000Z	2016-11-06T00:00:00.0000000Z	487	57572.61527263	ETC
95	96	0.9301	1.0001	0.9148	0.991	2016-11-08T00:00:00.0000000Z	2016-11-07T00:00:00.0000000Z	276	65952.07872934	ETC
96	97	0.9504	0.955	0.92271	0.9381	2016-11-09T00:00:00.0000000Z	2016-11-08T00:00:00.0000000Z	164	33929.19643643	ETC
97	98	0.9153	0.94	0.901	0.93912	2016-11-10T00:00:00.0000000Z	2016-11-09T00:00:00.0000000Z	266	39978.93861576	ETC
98	99	0.91892	0.9624	0.9011	0.9179	2016-11-11T00:00:00.0000000Z	2016-11-10T00:00:00.0000000Z	264	47833.8060065	ETC
99	100	0.91671	0.9349	0.89883	0.9211	2016-11-12T00:00:00.0000000Z	2016-11-11T00:00:00.0000000Z	169	27801.18380199	ETC
100	101	0.9111	0.945	0.904	0.9299	2016-11-13T00:00:00.0000000Z	2016-11-12T00:00:00.0000000Z	261	33631.66530997	ETC
101	102	0.9043	0.923	0.8997	0.9111	2016-11-14T00:00:00.0000000Z	2016-11-13T00:00:00.0000000Z	118	13088.62120381	ETC
102	103	0.89829	0.91108	0.8887	0.9011	2016-11-15T00:00:00.0000000Z	2016-11-14T00:00:00.0000000Z	84	7945.1603037	ETC
103	104	0.92648	0.9311	0.886	0.8965	2016-11-16T00:00:00.0000000Z	2016-11-15T00:00:00.0000000Z	202	27605.93953884	ETC
104	105	0.90919	0.93549	0.905	0.926	2016-11-17T00:00:00.0000000Z	2016-11-16T00:00:00.0000000Z	294	34660.03499827	ETC
105	106	0.8901	0.9178	0.8878	0.91023	2016-11-18T00:00:00.0000000Z	2016-11-17T00:00:00.0000000Z	263	30751.29345617	ETC
106	107	0.875	0.9	0.875	0.8899	2016-11-19T00:00:00.0000000Z	2016-11-18T00:00:00.0000000Z	174	28879.00630822	ETC
107	108	0.8627	0.873	0.8521	0.873	2016-11-20T00:00:00.0000000Z	2016-11-19T00:00:00.0000000Z	164	42602.39317885	ETC
108	109	0.8608	0.88	0.852	0.8627	2016-11-21T00:00:00.0000000Z	2016-11-20T00:00:00.0000000Z	148	14651.66963082	ETC
109	110	0.8496	0.866	0.8466	0.855	2016-11-22T00:00:00.0000000Z	2016-11-21T00:00:00.0000000Z	278	38366.44125054	ETC
110	111	0.834	0.86529	0.834	0.8457	2016-11-23T00:00:00.0000000Z	2016-11-22T00:00:00.0000000Z	157	25556.81030707	ETC
111	112	0.8122	0.8472	0.81	0.8302	2016-11-24T00:00:00.0000000Z	2016-11-23T00:00:00.0000000Z	279	90497.30078865	ETC
112	113	0.7642	0.815	0.72	0.8147	2016-11-25T00:00:00.0000000Z	2016-11-24T00:00:00.0000000Z	818	180944.72839987	ETC
113	114	0.8306	0.8547	0.7613	0.77	2016-11-26T00:00:00.0000000Z	2016-11-25T00:00:00.0000000Z	296	90599.95509645	ETC
114	115	0.77248	0.79597	0.77238	0.79597	2016-11-28T00:00:00.0000000Z	2016-11-27T00:00:00.0000000Z	203	41422.9931208	ETC
115	116	0.7556	0.7814	0.75045	0.7726	2016-11-29T00:00:00.0000000Z	2016-11-28T00:00:00.0000000Z	266	34874.70166727	ETC
116	117	0.7459	0.786	0.7201	0.75253	2016-11-30T00:00:00.0000000Z	2016-11-29T00:00:00.0000000Z	364	80475.95157213	ETC
117	118	0.7425	0.76379	0.734	0.7471	2016-12-01T00:00:00.0000000Z	2016-11-30T00:00:00.0000000Z	148	29259.99909526	ETC
118	119	0.76485	0.78896	0.73987	0.73987	2016-12-02T00:00:00.0000000Z	2016-12-01T00:00:00.0000000Z	299	38079.44059347	ETC
119	120	0.79987	0.814	0.731	0.7633	2016-12-03T00:00:00.0000000Z	2016-12-02T00:00:00.0000000Z	537	107784.54170643	ETC
120	121	0.7686	0.80548	0.76079	0.79987	2016-12-04T00:00:00.0000000Z	2016-12-03T00:00:00.0000000Z	310	39399.53960313	ETC
121	122	0.7675	0.78654	0.75001	0.7696	2016-12-05T00:00:00.0000000Z	2016-12-04T00:00:00.0000000Z	319	56945.26272104	ETC
122	123	0.83001	0.85	0.75001	0.76988	2016-12-06T00:00:00.0000000Z	2016-12-05T00:00:00.0000000Z	771	162092.12539722	ETC
123	124	0.78	0.8394	0.738	0.8313	2016-12-07T00:00:00.0000000Z	2016-12-06T00:00:00.0000000Z	848	155899.89658314	ETC
124	125	0.825	0.8379	0.76601	0.78	2016-12-08T00:00:00.0000000Z	2016-12-07T00:00:00.0000000Z	885	133607.0777145	ETC
125	126	0.81791	0.8316	0.80131	0.825	2016-12-09T00:00:00.0000000Z	2016-12-08T00:00:00.0000000Z	671	171337.89593623	ETC
126	127	0.80989	0.839	0.8	0.81273	2016-12-10T00:00:00.0000000Z	2016-12-09T00:00:00.0000000Z	468	68893.6937651	ETC
127	128	0.86098	0.87	0.8015	0.806	2016-12-11T00:00:00.0000000Z	2016-12-10T00:00:00.0000000Z	447	60788.29743683	ETC
128	129	0.92668	0.962	0.8541	0.86098	2016-12-12T00:00:00.0000000Z	2016-12-11T00:00:00.0000000Z	852	131194.87421645	ETC
129	130	0.9061	0.95959	0.89174	0.93	2016-12-13T00:00:00.0000000Z	2016-12-12T00:00:00.0000000Z	679	54284.53893408	ETC
130	131	0.98569	1.0056	0.9	0.9061	2016-12-14T00:00:00.0000000Z	2016-12-13T00:00:00.0000000Z	978	294677.73436185	ETC
131	132	0.98999	0.995	0.95889	0.97793	2016-12-15T00:00:00.0000000Z	2016-12-14T00:00:00.0000000Z	845	163568.56845887	ETC
132	133	1.0827	1.1099	0.9749	0.9844	2016-12-16T00:00:00.0000000Z	2016-12-15T00:00:00.0000000Z	1612	368140.439	ETC
133	134	1.0719	1.0921	1.0387	1.0792	2016-12-17T00:00:00.0000000Z	2016-12-16T00:00:00.0000000Z	2021	145306.88755571	ETC
134	135	1.0098	1.0719	0.9901	1.0719	2016-12-18T00:00:00.0000000Z	2016-12-17T00:00:00.0000000Z	1543	204956.00435138	ETC
135	136	1.045	1.0599	1.0038	1.0099	2016-12-19T00:00:00.0000000Z	2016-12-18T00:00:00.0000000Z	393	39465.15557221	ETC
136	137	1.1936	1.198	1.059	1.059	2016-12-20T00:00:00.0000000Z	2016-12-19T00:00:00.0000000Z	1608	375796.2648361	ETC
137	138	1.1318	1.198	1.1301	1.1944	2016-12-21T00:00:00.0000000Z	2016-12-20T00:00:00.0000000Z	1109	198335.40177768	ETC
138	139	1.1299	1.1698	1.1147	1.1324	2016-12-22T00:00:00.0000000Z	2016-12-21T00:00:00.0000000Z	697	139458.8872837	ETC
139	140	1.0938	1.1499	1.0701	1.1299	2016-12-23T00:00:00.0000000Z	2016-12-22T00:00:00.0000000Z	738	178302.46918651	ETC
140	141	1.0419	1.1054	1.0167	1.0906	2016-12-24T00:00:00.0000000Z	2016-12-23T00:00:00.0000000Z	1053	166488.21090764	ETC
141	142	1.11	1.125	1.0301	1.0405	2016-12-25T00:00:00.0000000Z	2016-12-24T00:00:00.0000000Z	376	78036.03379808	ETC
142	143	1.0693	1.123	1.0601	1.11	2016-12-26T00:00:00.0000000Z	2016-12-25T00:00:00.0000000Z	205	37605.92811181	ETC
143	144	1.0375	1.085	1.031	1.0765	2016-12-27T00:00:00.0000000Z	2016-12-26T00:00:00.0000000Z	286	70312.98330234	ETC
144	145	1.048	1.0729	1.035	1.0384	2016-12-28T00:00:00.0000000Z	2016-12-27T00:00:00.0000000Z	392	61118.086295	ETC
145	146	1.1221	1.1299	1.0402	1.0599	2016-12-29T00:00:00.0000000Z	2016-12-28T00:00:00.0000000Z	360	63186.58572705	ETC
146	147	1.4202	1.468	1.1114	1.1164	2016-12-30T00:00:00.0000000Z	2016-12-29T00:00:00.0000000Z	2447	510272.262032	ETC
147	148	1.5436	1.63	1.4171	1.4214	2016-12-31T00:00:00.0000000Z	2016-12-30T00:00:00.0000000Z	2855	585395.69131647	ETC
148	149	1.41	1.567	1.3332	1.5436	2017-01-01T00:00:00.0000000Z	2016-12-31T00:00:00.0000000Z	1323	199834.52427033	ETC
149	150	1.3978	1.5	1.3498	1.4105	2017-01-02T00:00:00.0000000Z	2017-01-01T00:00:00.0000000Z	916	142077.71146779	ETC
150	151	1.4316	1.46	1.37	1.3775	2017-01-03T00:00:00.0000000Z	2017-01-02T00:00:00.0000000Z	641	100109.80432477	ETC
151	152	1.4768	1.5721	1.4012	1.4324	2017-01-04T00:00:00.0000000Z	2017-01-03T00:00:00.0000000Z	1540	231747.44410809	ETC
152	153	1.72	1.76	1.4758	1.4758	2017-01-05T00:00:00.0000000Z	2017-01-04T00:00:00.0000000Z	2369	416758.34568944	ETC
153	154	1.586	1.81	1.4	1.7198	2017-01-06T00:00:00.0000000Z	2017-01-05T00:00:00.0000000Z	4707	460426.51251304	ETC
154	155	1.4777	1.6199	1.4021	1.5826	2017-01-07T00:00:00.0000000Z	2017-01-06T00:00:00.0000000Z	2258	207898.17870633	ETC
155	156	1.433	1.4909	1.2703	1.4836	2017-01-08T00:00:00.0000000Z	2017-01-07T00:00:00.0000000Z	1983	259513.65407922	ETC
156	157	1.4601	1.4937	1.41	1.4322	2017-01-09T00:00:00.0000000Z	2017-01-08T00:00:00.0000000Z	673	93315.81062523	ETC
157	158	1.4081	1.4587	1.3851	1.4523	2017-01-10T00:00:00.0000000Z	2017-01-09T00:00:00.0000000Z	435	37474.96840647	ETC
158	159	1.4389	1.4499	1.4051	1.4145	2017-01-11T00:00:00.0000000Z	2017-01-10T00:00:00.0000000Z	147	14490.94134137	ETC
159	160	1.185	1.4447	1.16	1.4183	2017-01-12T00:00:00.0000000Z	2017-01-11T00:00:00.0000000Z	3768	371933.58341769	ETC
160	161	1.2105	1.27	1.128	1.1741	2017-01-13T00:00:00.0000000Z	2017-01-12T00:00:00.0000000Z	2216	270312.80383082	ETC
161	162	1.21	1.2568	1.1666	1.2105	2017-01-14T00:00:00.0000000Z	2017-01-13T00:00:00.0000000Z	1328	93856.90684433	ETC
162	163	1.1978	1.245	1.1852	1.2192	2017-01-15T00:00:00.0000000Z	2017-01-14T00:00:00.0000000Z	483	44023.60607087	ETC
163	164	1.1896	1.2063	1.15	1.197	2017-01-16T00:00:00.0000000Z	2017-01-15T00:00:00.0000000Z	323	99723.061332629	ETC
164	165	1.1825	1.2053	1.164	1.1798	2017-01-17T00:00:00.0000000Z	2017-01-16T00:00:00.0000000Z	250	16868.62288389	ETC
165	166	1.2064	1.2349	1.1725	1.1725	2017-01-18T00:00:00.0000000Z	2017-01-17T00:00:00.0000000Z	754	88576.41178838	ETC
166	167	1.2061	1.22	1.1431	1.2064	2017-01-19T00:00:00.0000000Z	2017-01-18T00:00:00.0000000Z	890	91735.70117183	ETC
167	168	1.173	1.2197	1.1603	1.2049	2017-01-20T00:00:00.0000000Z	2017-01-19T00:00:00.0000000Z	362	56451.19596233	ETC
168	169	1.345	1.3923	1.159	1.1738	2017-01-21T00:00:00.0000000Z	2017-01-20T00:00:00.0000000Z	898	176600.68632358	ETC
169	170	1.42	1.4482	1.341	1.342	2017-01-22T00:00:00.0000000Z	2017-01-21T00:00:00.0000000Z	729	104961.81731003	ETC
170	171	1.38	1.48	1.3534	1.419	2017-01-23T00:00:00.0000000Z	2017-01-22T00:00:00.0000000Z	520	53710.43679913	ETC
171	172	1.4	1.4	1.3664	1.39	2017-01-24T00:00:00.0000000Z	2017-01-23T00:00:00.0000000Z	281	29983.63436799	ETC
172	173	1.351	1.3945	1.351	1.3857	2017-01-25T00:00:00.0000000Z	2017-01-24T00:00:00.0000000Z	451	52350.80899446	ETC
173	174	1.2985	1.3753	1.279	1.3633	2017-01-26T00:00:00.0000000Z	2017-01-25T00:00:00.0000000Z	458	53216.6623368	ETC
174	175	1.3064	1.3064	1.2899	1.293	2017-01-27T00:00:00.0000000Z	2017-01-26T00:00:00.0000000Z	4	220.33977053	ETC
175	176	1.374	1.374	1.374	1.374	2017-02-01T00:00:00.0000000Z	2017-01-31T00:00:00.0000000Z	1	50.0	ETC
176	177	1.37	1.374	1.3675	1.3697	2017-02-05T00:00:00.0000000Z	2017-02-04T00:00:00.0000000Z	25	1569.93248043	ETC
177	178	1.46	1.46	1.459	1.459	2017-02-07T00:00:00.0000000Z	2017-02-06T00:00:00.0000000Z	3	200.000125	ETC
178	179	1.46	1.4712	1.4502	1.4593	2017-02-08T00:00:00.0000000Z	2017-02-07T00:00:00.0000000Z	149	14285.90791139	ETC
179	180	1.4321	1.4839	1.3919	1.4655	2017-02-09T00:00:00.0000000Z	2017-02-08T00:00:00.0000000Z	814	106893.61599288	ETC
180	181	1.2528	1.458	1.1401	1.4466	2017-02-10T00:00:00.0000000Z	2017-02-09T00:00:00.0000000Z	3399	753395.27744423	ETC
181	182	1.2597	1.2685	1.205	1.2528	2017-02-11T00:00:00.0000000Z	2017-02-10T00:00:00.0000000Z	1397	165001.59711961	ETC
182	183	1.2279	1.2878	1.2203	1.2536	2017-02-12T00:00:00.0000000Z	2017-02-11T00:00:00.0000000Z	536	107458.89299669	ETC
183	184	1.2168	1.2336	1.2001	1.2245	2017-02-13T00:00:00.0000000Z	2017-02-12T00:00:00.0000000Z	287	75656.33670057	ETC
184	185	1.192	1.2315	1.1672	1.2181	2017-02-14T00:00:00.0000000Z	2017-02-13T00:00:00.0000000Z	709	172377.85894062	ETC
185	186	1.2492	1.25	1.1887	1.193	2017-02-15T00:00:00.0000000Z	2017-02-14T00:00:00.0000000Z	810	177282.30670428	ETC
186	187	1.265	1.2787	1.24	1.25	2017-02-16T00:00:00.0000000Z	2017-02-15T00:00:00.0000000Z	495	99407.05818226	ETC
187	188	1.235	1.2699	1.235	1.265	2017-02-17T00:00:00.0000000Z	2017-02-16T00:00:00.0000000Z	902	189182.72449894	ETC
188	189	1.2352	1.2529	1.23	1.24	2017-02-18T00:00:00.0000000Z	2017-02-17T00:00:00.0000000Z	335	105444.28875777	ETC
189	190	1.222	1.245	1.217	1.2309	2017-02-19T00:00:00.0000000Z	2017-02-18T00:00:00.0000000Z	696	155899.65473285	ETC
190	191	1.2245	1.2385	1.218	1.2221	2017-02-20T00:00:00.0000000Z	2017-02-19T00:00:00.0000000Z	515	49065.81711336	ETC
191	192	1.23	1.2499	1.215	1.2192	2017-02-21T00:00:00.0000000Z	2017-02-20T00:00:00.0000000Z	302	56578.45306227	ETC
192	193	1.2525	1.2633	1.22	1.23	2017-02-22T00:00:00.0000000Z	2017-02-21T00:00:00.0000000Z	465	96419.04709044	ETC
193	194	1.227	1.257	1.216	1.257	2017-02-23T00:00:00.0000000Z	2017-02-22T00:00:00.0000000Z	243	52471.57901737	ETC
194	195	1.2379	1.244	1.209	1.2181	2017-02-24T00:00:00.0000000Z	2017-02-23T00:00:00.0000000Z	636	138019.82109183	ETC
195	196	1.2125	1.2499	1.2	1.2415	2017-02-25T00:00:00.0000000Z	2017-02-24T00:00:00.0000000Z	1144	352568.44140026	ETC
196	197	1.211	1.2209	1.1731	1.2125	2017-02-26T00:00:00.0000000Z	2017-02-25T00:00:00.0000000Z	741	139653.4332448	ETC
197	198	1.2505	1.2564	1.1901	1.2108	2017-02-27T00:00:00.0000000Z	2017-02-26T00:00:00.0000000Z	1052	177146.73974937	ETC
198	199	1.235	1.26	1.23	1.25	2017-02-28T00:00:00.0000000Z	2017-02-27T00:00:00.0000000Z	593	236906.12320246	ETC
199	200	1.2311	1.2679	1.225	1.2355	2017-03-01T00:00:00.0000000Z	2017-02-28T00:00:00.0000000Z	787	224094.51217031	ETC
200	201	1.403	1.43	1.2255	1.2373	2017-03-02T00:00:00.0000000Z	2017-03-01T00:00:00.0000000Z	2147	658583.17796936	ETC
201	202	1.3607	1.4076	1.34	1.4025	2017-03-03T00:00:00.0000000Z	2017-03-02T00:00:00.0000000Z	1270	369329.69992182	ETC
202	203	1.44	1.44	1.35	1.3724	2017-03-04T00:00:00.0000000Z	2017-03-03T00:00:00.0000000Z	1262	292688.35576055	ETC
203	204	1.4292	1.4769	1.387	1.44	2017-03-05T00:00:00.0000000Z	2017-03-04T00:00:00.0000000Z	1071	285756.55951521	ETC
204	205	1.3939	1.4304	1.385	1.4287	2017-03-06T00:00:00.0000000Z	2017-03-05T00:00:00.0000000Z	747	156239.57898157	ETC
205	206	1.4274	1.4399	1.3939	1.3939	2017-03-07T00:00:00.0000000Z	2017-03-06T00:00:00.0000000Z	496	92634.48530344	ETC
206	207	1.37	1.4327	1.345	1.4318	2017-03-08T00:00:00.0000000Z	2017-03-07T00:00:00.0000000Z	1181	302709.59521136	ETC
207	208	1.2823	1.3746	1.2801	1.37	2017-03-09T00:00:00.0000000Z	2017-03-08T00:00:00.0000000Z	1202	373439.51131838	ETC
208	209	1.3205	1.3348	1.275	1.2806	2017-03-10T00:00:00.0000000Z	2017-03-09T00:00:00.0000000Z	691	160711.14134128	ETC
209	210	1.291	1.4299	1.2202	1.3244	2017-03-11T00:00:00.0000000Z	2017-03-10T00:00:00.0000000Z	2648	720019.1352336	ETC
210	211	1.3727	1.3833	1.2809	1.297	2017-03-12T00:00:00.0000000Z	2017-03-11T00:00:00.0000000Z	1113	227818.87492367	ETC
211	212	1.4202	1.4298	1.36	1.38	2017-03-13T00:00:00.0000000Z	2017-03-12T00:00:00.0000000Z	1339	315976.54230228	ETC
212	213	1.6474	1.65	1.4017	1.416	2017-03-14T00:00:00.0000000Z	2017-03-13T00:00:00.0000000Z	3200	895672.87078372	ETC
213	214	1.6499	1.7698	1.6094	1.64	2017-03-15T00:00:00.0000000Z	2017-03-14T00:00:00.0000000Z	2720	785605.06192257	ETC
214	215	1.798	1.7999	1.64	1.6462	2017-03-16T00:00:00.0000000Z	2017-03-15T00:00:00.0000000Z	2015	617212.16652511	ETC
215	216	2.0803	2.1	1.73	1.7999	2017-03-17T00:00:00.0000000Z	2017-03-16T00:00:00.0000000Z	4491	1526319.461412	ETC
216	217	1.8111	2.1748	1.73	2.086	2017-03-18T00:00:00.0000000Z	2017-03-17T00:00:00.0000000Z	5789	1556090.46620503	ETC
217	218	1.6783	1.8227	1.5614	1.8084	2017-03-19T00:00:00.0000000Z	2017-03-18T00:00:00.0000000Z	3340	816979.45680365	ETC
218	219	1.8671	1.9248	1.6553	1.683	2017-03-20T00:00:00.0000000Z	2017-03-19T00:00:00.0000000Z	2437	451156.44401395	ETC
219	220	1.9111	1.9715	1.8602	1.8731	2017-03-21T00:00:00.0000000Z	2017-03-20T00:00:00.0000000Z	1979	507884.13235124	ETC
220	221	2.3647	2.38	1.869	1.9065	2017-03-22T00:00:00.0000000Z	2017-03-21T00:00:00.0000000Z	5356	1323425.16988268	ETC
221	222	2.337	2.46	2.203	2.3647	2017-03-23T00:00:00.0000000Z	2017-03-22T00:00:00.0000000Z	3387	788599.57987319	ETC
222	223	2.2689	2.35	2.1691	2.3239	2017-03-24T00:00:00.0000000Z	2017-03-23T00:00:00.0000000Z	1934	418748.72576959	ETC
223	224	2.4299	2.4709	2.24	2.245	2017-03-25T00:00:00.0000000Z	2017-03-24T00:00:00.0000000Z	3500	604234.30712419	ETC
224	225	2.2574	2.44	2.253	2.418	2017-03-26T00:00:00.0000000Z	2017-03-25T00:00:00.0000000Z	2037	377003.31618301	ETC
225	226	2.3186	2.3687	2.2524	2.2704	2017-03-27T00:00:00.0000000Z	2017-03-26T00:00:00.0000000Z	1560	199079.67150657	ETC
226	227	2.1072	2.3499	2.1	2.3189	2017-03-28T00:00:00.0000000Z	2017-03-27T00:00:00.0000000Z	2711	280751.21357349	ETC
227	228	2.253	2.339	2.1001	2.112	2017-03-29T00:00:00.0000000Z	2017-03-28T00:00:00.0000000Z	2222	322325.35518524	ETC
228	229	2.314	2.38	2.2374	2.245	2017-03-30T00:00:00.0000000Z	2017-03-29T00:00:00.0000000Z	1791	241248.17193328	ETC
229	230	2.82	3.0	2.2508	2.3189	2017-03-31T00:00:00.0000000Z	2017-03-30T00:00:00.0000000Z	5690	1210676.01650219	ETC
230	231	2.8126	2.994	2.6	2.82	2017-04-01T00:00:00.0000000Z	2017-03-31T00:00:00.0000000Z	5975	1160726.88455391	ETC
231	232	2.742	2.8319	2.717	2.8125	2017-04-02T00:00:00.0000000Z	2017-04-01T00:00:00.0000000Z	1488	183760.32791379	ETC
232	233	2.6355	2.8	2.5	2.733	2017-04-03T00:00:00.0000000Z	2017-04-02T00:00:00.0000000Z	3176	653624.40178434	ETC
233	234	2.582	2.75	2.5009	2.6375	2017-04-04T00:00:00.0000000Z	2017-04-03T00:00:00.0000000Z	2785	484896.15066041	ETC
234	235	2.6732	2.7081	2.548	2.582	2017-04-05T00:00:00.0000000Z	2017-04-04T00:00:00.0000000Z	1790	261310.4698121	ETC
235	236	2.7672	2.7999	2.6202	2.6745	2017-04-06T00:00:00.0000000Z	2017-04-05T00:00:00.0000000Z	1935	268554.72212874	ETC
236	237	2.689	2.8375	2.443	2.7575	2017-04-07T00:00:00.0000000Z	2017-04-06T00:00:00.0000000Z	5153	732288.54590103	ETC
237	238	2.7393	2.7548	2.5626	2.689	2017-04-08T00:00:00.0000000Z	2017-04-07T00:00:00.0000000Z	4095	337700.48845482	ETC
238	239	2.7342	2.8252	2.652	2.74	2017-04-09T00:00:00.0000000Z	2017-04-08T00:00:00.0000000Z	3845	295666.37313088	ETC
239	240	2.67	2.7362	2.6001	2.7342	2017-04-10T00:00:00.0000000Z	2017-04-09T00:00:00.0000000Z	2365	200576.44624876	ETC
240	241	2.6456	2.6789	2.543	2.6699	2017-04-11T00:00:00.0000000Z	2017-04-10T00:00:00.0000000Z	2102	139687.37991532	ETC
241	242	2.575	2.6501	2.575	2.6457	2017-04-12T00:00:00.0000000Z	2017-04-11T00:00:00.0000000Z	1564	120573.40768337	ETC
242	243	2.656	2.7015	2.5444	2.5812	2017-04-13T00:00:00.0000000Z	2017-04-12T00:00:00.0000000Z	2461	217257.45038308	ETC
243	244	2.6584	2.6885	2.588	2.661	2017-04-14T00:00:00.0000000Z	2017-04-13T00:00:00.0000000Z	2435	204568.03283712	ETC
244	245	2.6969	2.7794	2.5975	2.6379	2017-04-15T00:00:00.0000000Z	2017-04-14T00:00:00.0000000Z	2441	357304.59804124	ETC
245	246	2.717	2.73	2.6456	2.6956	2017-04-16T00:00:00.0000000Z	2017-04-15T00:00:00.0000000Z	1031	89443.10270102	ETC
246	247	2.6693	2.7187	2.6115	2.7005	2017-04-17T00:00:00.0000000Z	2017-04-16T00:00:00.0000000Z	1143	141328.97143451	ETC
247	248	2.6908	2.6986	2.6373	2.6592	2017-04-18T00:00:00.0000000Z	2017-04-17T00:00:00.0000000Z	2061	187325.70844064	ETC
248	249	2.9868	3.08	2.6722	2.6884	2017-04-19T00:00:00.0000000Z	2017-04-18T00:00:00.0000000Z	6174	594961.79217125	ETC
249	250	3.2203	3.3999	2.9001	2.9944	2017-04-20T00:00:00.0000000Z	2017-04-19T00:00:00.0000000Z	8865	751043.44160471	ETC
250	251	3.4131	3.5748	3.163	3.2451	2017-04-21T00:00:00.0000000Z	2017-04-20T00:00:00.0000000Z	9747	876227.70397319	ETC
251	252	3.335	3.513	3.2072	3.4131	2017-04-22T00:00:00.0000000Z	2017-04-21T00:00:00.0000000Z	6214	597154.01229169	ETC
252	253	3.4499	3.4499	3.33	3.335	2017-04-23T00:00:00.0000000Z	2017-04-22T00:00:00.0000000Z	3491	220368.75594586	ETC
253	254	3.82	3.82	3.41	3.4499	2017-04-24T00:00:00.0000000Z	2017-04-23T00:00:00.0000000Z	4166	666677.3013442	ETC
254	255	4.2855	4.3489	3.82	3.82	2017-04-25T00:00:00.0000000Z	2017-04-24T00:00:00.0000000Z	10583	1221250.92503285	ETC
255	256	4.2442	4.4199	4.0101	4.2888	2017-04-26T00:00:00.0000000Z	2017-04-25T00:00:00.0000000Z	8718	830012.72261015	ETC
256	257	4.9932	5.0826	4.198	4.2442	2017-04-27T00:00:00.0000000Z	2017-04-26T00:00:00.0000000Z	15917	1634392.74089976	ETC
257	258	5.3851	5.5994	4.9514	4.986	2017-04-28T00:00:00.0000000Z	2017-04-27T00:00:00.0000000Z	16020	1476515.65876313	ETC
258	259	5.2159	5.56	4.901	5.399	2017-04-29T00:00:00.0000000Z	2017-04-28T00:00:00.0000000Z	10308	656994.44906853	ETC
259	260	5.8688	5.87	5.1297	5.2085	2017-04-30T00:00:00.0000000Z	2017-04-29T00:00:00.0000000Z	9710	545932.50359685	ETC
260	261	6.77	7.0081	5.7001	5.8498	2017-05-01T00:00:00.0000000Z	2017-04-30T00:00:00.0000000Z	19745	1279104.38294899	ETC
261	262	7.2743	7.999	6.5501	6.7989	2017-05-02T00:00:00.0000000Z	2017-05-01T00:00:00.0000000Z	27492	2201469.94640503	ETC
262	263	6.9592	7.52	6.5822	7.2742	2017-05-03T00:00:00.0000000Z	2017-05-02T00:00:00.0000000Z	15516	1031896.9081216	ETC
263	264	7.1799	7.2999	6.82	6.9284	2017-05-04T00:00:00.0000000Z	2017-05-03T00:00:00.0000000Z	11274	561006.25879759	ETC
264	265	7.682	7.7	7.01	7.18	2017-05-05T00:00:00.0000000Z	2017-05-04T00:00:00.0000000Z	15943	1003475.77501228	ETC
265	266	7.1706	7.825	6.81	7.682	2017-05-06T00:00:00.0000000Z	2017-05-05T00:00:00.0000000Z	20889	1159527.00635759	ETC
266	267	7.1349	7.269	6.7933	7.1706	2017-05-07T00:00:00.0000000Z	2017-05-06T00:00:00.0000000Z	15862	453232.34838931	ETC
267	268	7.1124	7.5062	6.9	7.1368	2017-05-08T00:00:00.0000000Z	2017-05-07T00:00:00.0000000Z	14360	637867.44479464	ETC
268	269	6.42	7.1151	6.4	7.1001	2017-05-09T00:00:00.0000000Z	2017-05-08T00:00:00.0000000Z	14531	902025.71461012	ETC
269	270	6.1627	6.449	5.231	6.42	2017-05-10T00:00:00.0000000Z	2017-05-09T00:00:00.0000000Z	21235	1267540.69160713	ETC
270	271	6.4597	6.8879	6.0	6.16	2017-05-11T00:00:00.0000000Z	2017-05-10T00:00:00.0000000Z	10054	663680.56211296	ETC
271	272	6.3088	6.674	6.1458	6.4325	2017-05-12T00:00:00.0000000Z	2017-05-11T00:00:00.0000000Z	11556	407921.33290931	ETC
272	273	6.1332	6.5272	6.1001	6.3258	2017-05-13T00:00:00.0000000Z	2017-05-12T00:00:00.0000000Z	7589	261852.78159386	ETC
273	274	6.0855	6.1192	5.7602	6.1132	2017-05-14T00:00:00.0000000Z	2017-05-13T00:00:00.0000000Z	8203	327832.10361717	ETC
274	275	6.7487	6.95	6.0453	6.0844	2017-05-15T00:00:00.0000000Z	2017-05-14T00:00:00.0000000Z	12516	538225.45751662	ETC
275	276	6.32	6.7661	6.1964	6.7486	2017-05-16T00:00:00.0000000Z	2017-05-15T00:00:00.0000000Z	11338	451775.55615255	ETC
276	277	6.1205	6.4103	5.8995	6.3203	2017-05-17T00:00:00.0000000Z	2017-05-16T00:00:00.0000000Z	8366	325532.01572701	ETC
277	278	5.904	6.1408	5.633	6.1145	2017-05-18T00:00:00.0000000Z	2017-05-17T00:00:00.0000000Z	9952	414452.10424322	ETC
278	279	6.6851	6.75	5.8448	5.8602	2017-05-19T00:00:00.0000000Z	2017-05-18T00:00:00.0000000Z	14387	443809.09584646	ETC
279	280	7.4449	7.7	6.5	6.6877	2017-05-20T00:00:00.0000000Z	2017-05-19T00:00:00.0000000Z	18516	621267.99512741	ETC
280	281	7.01	7.7	7.006	7.4941	2017-05-21T00:00:00.0000000Z	2017-05-20T00:00:00.0000000Z	11451	339574.3409364	ETC
281	282	8.0674	8.0699	6.8691	7.0063	2017-05-22T00:00:00.0000000Z	2017-05-21T00:00:00.0000000Z	12577	654681.08880913	ETC
282	283	8.3974	9.3	7.7777	8.0673	2017-05-23T00:00:00.0000000Z	2017-05-22T00:00:00.0000000Z	36369	1758949.19396561	ETC
283	284	10.804	10.807	7.9503	8.4089	2017-05-24T00:00:00.0000000Z	2017-05-23T00:00:00.0000000Z	23602	953832.93693623	ETC
284	285	18.349	18.49	10.705	10.803	2017-05-25T00:00:00.0000000Z	2017-05-24T00:00:00.0000000Z	43873	2224568.5836733	ETC
285	286	15.62	22.793	14.0	18.49	2017-05-26T00:00:00.0000000Z	2017-05-25T00:00:00.0000000Z	43633	1841406.72864264	ETC
286	287	13.902	17.599	12.551	15.503	2017-05-27T00:00:00.0000000Z	2017-05-26T00:00:00.0000000Z	22905	829607.68062466	ETC
287	288	14.792	15.0	9.7001	13.854	2017-05-28T00:00:00.0000000Z	2017-05-27T00:00:00.0000000Z	33425	1307101.14994913	ETC
288	289	15.08	16.431	12.797	14.798	2017-05-29T00:00:00.0000000Z	2017-05-28T00:00:00.0000000Z	30308	906680.55566281	ETC
289	290	15.845	16.5	14.005	15.08	2017-05-30T00:00:00.0000000Z	2017-05-29T00:00:00.0000000Z	13756	367390.78288632	ETC
290	291	17.394	17.489	15.201	15.897	2017-05-31T00:00:00.0000000Z	2017-05-30T00:00:00.0000000Z	18251	650886.83921359	ETC
291	292	16.022	17.593	14.19	17.395	2017-06-01T00:00:00.0000000Z	2017-05-31T00:00:00.0000000Z	19907	423711.18229201	ETC
292	293	15.541	16.714	15.25	16.027	2017-06-02T00:00:00.0000000Z	2017-06-01T00:00:00.0000000Z	21532	258106.90739504	ETC
293	294	16.18	16.39	15.502	15.541	2017-06-03T00:00:00.0000000Z	2017-06-02T00:00:00.0000000Z	15579	135294.85072858	ETC
294	295	15.415	16.441	15.061	16.195	2017-06-04T00:00:00.0000000Z	2017-06-03T00:00:00.0000000Z	14523	128164.29469747	ETC
295	296	17.063	17.1	15.2	15.427	2017-06-05T00:00:00.0000000Z	2017-06-04T00:00:00.0000000Z	16456	274747.48033718	ETC
296	297	16.721	17.043	16.074	17.043	2017-06-06T00:00:00.0000000Z	2017-06-05T00:00:00.0000000Z	13290	261848.56900711	ETC
297	298	17.086	17.5	16.2	16.719	2017-06-07T00:00:00.0000000Z	2017-06-06T00:00:00.0000000Z	25006	562711.37813739	ETC
298	299	16.773	18.579	16.5	17.09	2017-06-08T00:00:00.0000000Z	2017-06-07T00:00:00.0000000Z	19394	515461.36422869	ETC
299	300	17.116	17.404	16.25	16.741	2017-06-09T00:00:00.0000000Z	2017-06-08T00:00:00.0000000Z	11298	134579.16886205	ETC
300	301	17.204	17.699	16.9	17.133	2017-06-10T00:00:00.0000000Z	2017-06-09T00:00:00.0000000Z	12096	115891.03542841	ETC
301	302	19.056	19.056	17.0	17.198	2017-06-11T00:00:00.0000000Z	2017-06-10T00:00:00.0000000Z	15078	389734.05056276	ETC
302	303	22.228	23.0	17.621	19.045	2017-06-12T00:00:00.0000000Z	2017-06-11T00:00:00.0000000Z	21568	845230.39425738	ETC
303	304	18.986	21.847	15.6	21.757	2017-06-13T00:00:00.0000000Z	2017-06-12T00:00:00.0000000Z	16921	787613.50985883	ETC
304	305	19.95	20.232	18.353	18.959	2017-06-14T00:00:00.0000000Z	2017-06-13T00:00:00.0000000Z	10241	335233.98576759	ETC
305	306	17.251	20.5	16.302	19.971	2017-06-15T00:00:00.0000000Z	2017-06-14T00:00:00.0000000Z	21794	460147.1206501	ETC
306	307	16.736	17.593	13.419	17.206	2017-06-16T00:00:00.0000000Z	2017-06-15T00:00:00.0000000Z	19051	660556.40905096	ETC
307	308	17.015	17.4	15.736	16.701	2017-06-17T00:00:00.0000000Z	2017-06-16T00:00:00.0000000Z	12836	249243.07473884	ETC
308	309	21.637	22.459	16.5	16.984	2017-06-18T00:00:00.0000000Z	2017-06-17T00:00:00.0000000Z	22091	425807.55409105	ETC
309	310	20.03	23.3	19.383	21.648	2017-06-19T00:00:00.0000000Z	2017-06-18T00:00:00.0000000Z	19587	551293.84033761	ETC
310	311	21.471	22.2	20.01	20.01	2017-06-20T00:00:00.0000000Z	2017-06-19T00:00:00.0000000Z	17563	283001.84088876	ETC
311	312	20.55	21.75	19.7	21.479	2017-06-21T00:00:00.0000000Z	2017-06-20T00:00:00.0000000Z	12287	223381.13864722	ETC
312	313	19.062	20.807	17.605	20.532	2017-06-22T00:00:00.0000000Z	2017-06-21T00:00:00.0000000Z	16684	399557.45368682	ETC
313	314	19.307	19.636	18.058	19.042	2017-06-23T00:00:00.0000000Z	2017-06-22T00:00:00.0000000Z	13730	190264.51770095	ETC
314	315	19.654	20.344	19.2	19.308	2017-06-24T00:00:00.0000000Z	2017-06-23T00:00:00.0000000Z	9842	119796.66719516	ETC
315	316	18.056	19.734	17.502	19.679	2017-06-25T00:00:00.0000000Z	2017-06-24T00:00:00.0000000Z	8505	176909.03231116	ETC
316	317	18.401	21.13	17.1	18.024	2017-06-26T00:00:00.0000000Z	2017-06-25T00:00:00.0000000Z	20343	495008.52528532	ETC
317	318	17.481	19.535	15.073	18.401	2017-06-27T00:00:00.0000000Z	2017-06-26T00:00:00.0000000Z	13950	657227.57157041	ETC
318	319	17.994	18.179	14.25	17.481	2017-06-28T00:00:00.0000000Z	2017-06-27T00:00:00.0000000Z	12546	639696.56640352	ETC
319	320	18.45	18.681	16.66	17.984	2017-06-29T00:00:00.0000000Z	2017-06-28T00:00:00.0000000Z	8216	351408.15374013	ETC
320	321	17.53	18.65	16.924	18.41	2017-06-30T00:00:00.0000000Z	2017-06-29T00:00:00.0000000Z	7069	213285.6038175	ETC
321	322	17.21	18.298	16.899	17.534	2017-07-01T00:00:00.0000000Z	2017-06-30T00:00:00.0000000Z	3821	109119.22581776	ETC
322	323	16.173	17.318	15.51	17.134	2017-07-02T00:00:00.0000000Z	2017-07-01T00:00:00.0000000Z	3874	145220.78510665	ETC
323	324	17.065	17.148	15.653	16.245	2017-07-03T00:00:00.0000000Z	2017-07-02T00:00:00.0000000Z	4912	130772.07479554	ETC
324	325	17.147	17.7	16.503	17.03	2017-07-04T00:00:00.0000000Z	2017-07-03T00:00:00.0000000Z	3715	125363.71018835	ETC
325	326	17.314	18.098	17.002	17.109	2017-07-05T00:00:00.0000000Z	2017-07-04T00:00:00.0000000Z	4478	132512.73874252	ETC
326	327	17.336	17.497	16.668	17.309	2017-07-06T00:00:00.0000000Z	2017-07-05T00:00:00.0000000Z	3129	104814.55605644	ETC
327	328	17.444	17.624	16.75	17.337	2017-07-07T00:00:00.0000000Z	2017-07-06T00:00:00.0000000Z	3718	105167.08700681	ETC
328	329	15.966	17.67	15.79	17.412	2017-07-08T00:00:00.0000000Z	2017-07-07T00:00:00.0000000Z	4613	143995.94214056	ETC
329	330	16.329	16.329	14.79	15.898	2017-07-09T00:00:00.0000000Z	2017-07-08T00:00:00.0000000Z	5197	198651.0109815	ETC
330	331	15.431	16.79	15.4	16.299	2017-07-10T00:00:00.0000000Z	2017-07-09T00:00:00.0000000Z	4485	139264.10192319	ETC
331	332	14.1	16.71	13.277	15.505	2017-07-11T00:00:00.0000000Z	2017-07-10T00:00:00.0000000Z	7376	357833.64226933	ETC
332	333	13.87	15.198	12.336	14.162	2017-07-12T00:00:00.0000000Z	2017-07-11T00:00:00.0000000Z	13752	447201.96691398	ETC
333	334	18.842	19.25	13.119	13.87	2017-07-13T00:00:00.0000000Z	2017-07-12T00:00:00.0000000Z	21306	988335.17089458	ETC
334	335	17.455	19.5	16.22	18.84	2017-07-14T00:00:00.0000000Z	2017-07-13T00:00:00.0000000Z	14459	483081.42723723	ETC
335	336	16.941	17.8	15.777	17.455	2017-07-15T00:00:00.0000000Z	2017-07-14T00:00:00.0000000Z	12897	379077.1074379	ETC
336	337	14.7	16.997	14.602	16.941	2017-07-16T00:00:00.0000000Z	2017-07-15T00:00:00.0000000Z	10914	423410.52375572	ETC
337	338	14.012	15.491	12.711	14.735	2017-07-17T00:00:00.0000000Z	2017-07-16T00:00:00.0000000Z	13633	618293.2397531	ETC
338	339	15.058	15.55	14.001	14.018	2017-07-18T00:00:00.0000000Z	2017-07-17T00:00:00.0000000Z	10181	358846.76302101	ETC
339	340	15.721	16.288	14.502	15.068	2017-07-19T00:00:00.0000000Z	2017-07-18T00:00:00.0000000Z	9426	414454.1285551	ETC
340	341	14.133	16.086	14.01	15.7	2017-07-20T00:00:00.0000000Z	2017-07-19T00:00:00.0000000Z	7112	214614.99087202	ETC
341	342	16.123	16.25	14.189	14.189	2017-07-21T00:00:00.0000000Z	2017-07-20T00:00:00.0000000Z	9487	371374.77295227	ETC
342	343	16.041	17.607	15.561	16.103	2017-07-22T00:00:00.0000000Z	2017-07-21T00:00:00.0000000Z	8888	333555.74848811	ETC
343	344	16.788	16.98	15.93	15.979	2017-07-23T00:00:00.0000000Z	2017-07-22T00:00:00.0000000Z	4526	107261.06559866	ETC
344	345	16.092	16.882	15.6	16.813	2017-07-24T00:00:00.0000000Z	2017-07-23T00:00:00.0000000Z	6175	128113.54597283	ETC
345	346	16.0	16.351	15.75	16.076	2017-07-25T00:00:00.0000000Z	2017-07-24T00:00:00.0000000Z	3412	70269.95634656	ETC
346	347	14.659	16.133	14.15	16.0	2017-07-26T00:00:00.0000000Z	2017-07-25T00:00:00.0000000Z	6202	184796.59419462	ETC
347	348	14.646	14.85	14.0	14.642	2017-07-27T00:00:00.0000000Z	2017-07-26T00:00:00.0000000Z	9909	112836.26313832	ETC
348	349	14.459	14.843	14.279	14.658	2017-07-28T00:00:00.0000000Z	2017-07-27T00:00:00.0000000Z	6372	131126.88603414	ETC
349	350	13.919	14.668	13.7	14.485	2017-07-29T00:00:00.0000000Z	2017-07-28T00:00:00.0000000Z	9799	118094.96191502	ETC
350	351	14.26	14.47	13.15	13.944	2017-07-30T00:00:00.0000000Z	2017-07-29T00:00:00.0000000Z	9931	116946.99747304	ETC
351	352	13.7	14.471	13.457	14.26	2017-07-31T00:00:00.0000000Z	2017-07-30T00:00:00.0000000Z	11735	772759.30672294	ETC
352	353	13.814	13.987	13.301	13.701	2017-08-01T00:00:00.0000000Z	2017-07-31T00:00:00.0000000Z	6033	300475.88448075	ETC
353	354	14.589	14.798	13.376	13.711	2017-08-02T00:00:00.0000000Z	2017-08-01T00:00:00.0000000Z	13461	335026.5445858	ETC
354	355	14.5	15.282	14.201	14.585	2017-08-03T00:00:00.0000000Z	2017-08-02T00:00:00.0000000Z	10886	159533.8913971	ETC
355	356	15.244	15.451	14.383	14.581	2017-08-04T00:00:00.0000000Z	2017-08-03T00:00:00.0000000Z	10237	181087.60279571	ETC
356	357	14.841	15.319	14.753	15.246	2017-08-05T00:00:00.0000000Z	2017-08-04T00:00:00.0000000Z	8920	129361.35496855	ETC
357	358	15.649	15.92	14.51	14.841	2017-08-06T00:00:00.0000000Z	2017-08-05T00:00:00.0000000Z	20119	471058.20318766	ETC
358	359	15.413	16.178	15.228	15.649	2017-08-07T00:00:00.0000000Z	2017-08-06T00:00:00.0000000Z	8067	106133.91921831	ETC
359	360	15.221	15.557	14.9	15.413	2017-08-08T00:00:00.0000000Z	2017-08-07T00:00:00.0000000Z	9619	182851.08967946	ETC
360	361	15.9	16.092	15.106	15.225	2017-08-09T00:00:00.0000000Z	2017-08-08T00:00:00.0000000Z	10764	213871.67275973	ETC
361	362	15.311	16.275	15.08	15.901	2017-08-10T00:00:00.0000000Z	2017-08-09T00:00:00.0000000Z	10921	163568.02583573	ETC
362	363	15.161	15.677	15.049	15.348	2017-08-11T00:00:00.0000000Z	2017-08-10T00:00:00.0000000Z	8711	118694.78505757	ETC
363	364	15.137	15.579	14.822	15.161	2017-08-12T00:00:00.0000000Z	2017-08-11T00:00:00.0000000Z	6876	117983.88199985	ETC
364	365	14.602	15.32	14.37	15.101	2017-08-13T00:00:00.0000000Z	2017-08-12T00:00:00.0000000Z	9967	133940.68647975	ETC
365	366	14.115	14.7	13.74	14.573	2017-08-14T00:00:00.0000000Z	2017-08-13T00:00:00.0000000Z	12079	185190.97825704	ETC
366	367	13.996	14.542	13.7	14.142	2017-08-15T00:00:00.0000000Z	2017-08-14T00:00:00.0000000Z	8210	168105.13073735	ETC
367	368	13.408	14.114	13.014	13.988	2017-08-16T00:00:00.0000000Z	2017-08-15T00:00:00.0000000Z	13634	155192.08727067	ETC
368	369	14.04	14.4	13.15	13.449	2017-08-17T00:00:00.0000000Z	2017-08-16T00:00:00.0000000Z	10510	190373.32320082	ETC
369	370	13.788	14.252	13.502	14.048	2017-08-18T00:00:00.0000000Z	2017-08-17T00:00:00.0000000Z	7409	108122.68929112	ETC
370	371	13.456	14.494	11.692	13.765	2017-08-19T00:00:00.0000000Z	2017-08-18T00:00:00.0000000Z	10757	217416.26136556	ETC
371	372	13.525	13.994	13.03	13.455	2017-08-20T00:00:00.0000000Z	2017-08-19T00:00:00.0000000Z	9619	131252.98075993	ETC
372	373	13.799	14.171	13.268	13.526	2017-08-21T00:00:00.0000000Z	2017-08-20T00:00:00.0000000Z	6402	134056.29970957	ETC
373	374	14.653	15.2	13.7	13.795	2017-08-22T00:00:00.0000000Z	2017-08-21T00:00:00.0000000Z	13272	360411.61623126	ETC
374	375	14.429	15.1	13.349	14.668	2017-08-23T00:00:00.0000000Z	2017-08-22T00:00:00.0000000Z	15086	284932.86967504	ETC
375	376	15.278	16.7	14.15	14.432	2017-08-24T00:00:00.0000000Z	2017-08-23T00:00:00.0000000Z	20101	797882.50983417	ETC
376	377	15.09	16.0	15.001	15.278	2017-08-25T00:00:00.0000000Z	2017-08-24T00:00:00.0000000Z	10777	242033.46750418	ETC
377	378	15.158	15.67	15.0	15.064	2017-08-26T00:00:00.0000000Z	2017-08-25T00:00:00.0000000Z	6095	158874.4419383	ETC
378	379	15.276	15.341	14.797	15.158	2017-08-27T00:00:00.0000000Z	2017-08-26T00:00:00.0000000Z	4252	110436.78907331	ETC
379	380	16.027	16.356	15.14	15.241	2017-08-28T00:00:00.0000000Z	2017-08-27T00:00:00.0000000Z	9920	332474.55015794	ETC
380	381	15.734	16.46	15.5	16.027	2017-08-29T00:00:00.0000000Z	2017-08-28T00:00:00.0000000Z	7454	216960.79039155	ETC
381	382	15.916	16.12	15.366	15.795	2017-08-30T00:00:00.0000000Z	2017-08-29T00:00:00.0000000Z	5134	167483.4481111	ETC
382	383	15.963	16.1	15.714	15.904	2017-08-31T00:00:00.0000000Z	2017-08-30T00:00:00.0000000Z	4345	149065.10965548	ETC
383	384	16.789	16.95	15.85	15.961	2017-09-01T00:00:00.0000000Z	2017-08-31T00:00:00.0000000Z	8241	309797.97865904	ETC
384	385	22.522	22.9	16.1	16.789	2017-09-02T00:00:00.0000000Z	2017-09-01T00:00:00.0000000Z	35787	1688035.40257814	ETC
385	386	19.88	24.45	18.0	22.55	2017-09-03T00:00:00.0000000Z	2017-09-02T00:00:00.0000000Z	32345	1391768.60800386	ETC
386	387	19.126	20.85	18.249	19.877	2017-09-04T00:00:00.0000000Z	2017-09-03T00:00:00.0000000Z	12738	489020.94242301	ETC
387	388	16.4	19.228	15.721	19.126	2017-09-05T00:00:00.0000000Z	2017-09-04T00:00:00.0000000Z	15361	810068.92835319	ETC
388	389	17.03	17.41	15.25	16.4	2017-09-06T00:00:00.0000000Z	2017-09-05T00:00:00.0000000Z	10437	584096.16797897	ETC
389	390	19.241	19.489	16.972	16.972	2017-09-07T00:00:00.0000000Z	2017-09-06T00:00:00.0000000Z	13663	609176.86051819	ETC
390	391	18.439	19.312	17.876	19.28	2017-09-08T00:00:00.0000000Z	2017-09-07T00:00:00.0000000Z	8342	359667.42377819	ETC
391	392	16.72	18.727	15.896	18.472	2017-09-09T00:00:00.0000000Z	2017-09-08T00:00:00.0000000Z	11210	442868.1343392	ETC
392	393	16.318	16.756	15.0	16.635	2017-09-10T00:00:00.0000000Z	2017-09-09T00:00:00.0000000Z	5998	295164.22199466	ETC
393	394	15.235	16.28	14.25	16.28	2017-09-11T00:00:00.0000000Z	2017-09-10T00:00:00.0000000Z	9227	423434.02135754	ETC
394	395	15.242	15.998	14.8	15.254	2017-09-12T00:00:00.0000000Z	2017-09-11T00:00:00.0000000Z	5465	252237.32619583	ETC
395	396	15.003	16.24	14.841	15.268	2017-09-13T00:00:00.0000000Z	2017-09-12T00:00:00.0000000Z	6190	273135.80457729	ETC
396	397	14.127	15.065	13.5	15.065	2017-09-14T00:00:00.0000000Z	2017-09-13T00:00:00.0000000Z	9150	395268.33319879	ETC
397	398	10.182	14.498	10.18	14.126	2017-09-15T00:00:00.0000000Z	2017-09-14T00:00:00.0000000Z	15492	957500.10336161	ETC
398	399	11.42	12.25	8.2997	10.184	2017-09-16T00:00:00.0000000Z	2017-09-15T00:00:00.0000000Z	25231	2086798.61530917	ETC
399	400	11.171	12.3	10.77	11.42	2017-09-17T00:00:00.0000000Z	2017-09-16T00:00:00.0000000Z	9265	359377.40358478	ETC
400	401	11.02	11.402	10.25	11.208	2017-09-18T00:00:00.0000000Z	2017-09-17T00:00:00.0000000Z	6485	190610.14593564	ETC
401	402	12.053	12.189	11.061	11.062	2017-09-19T00:00:00.0000000Z	2017-09-18T00:00:00.0000000Z	13865	631652.10810117	ETC
402	403	11.53	12.269	11.212	12.08	2017-09-20T00:00:00.0000000Z	2017-09-19T00:00:00.0000000Z	10049	376854.77210762	ETC
403	404	11.218	11.806	11.064	11.53	2017-09-21T00:00:00.0000000Z	2017-09-20T00:00:00.0000000Z	7340	329469.88542063	ETC
404	405	10.023	11.292	10.02	11.238	2017-09-22T00:00:00.0000000Z	2017-09-21T00:00:00.0000000Z	11278	475301.54350831	ETC
405	406	10.12	10.661	9.7571	10.032	2017-09-23T00:00:00.0000000Z	2017-09-22T00:00:00.0000000Z	10110	302402.92680008	ETC
406	407	10.586	10.87	10.02	10.135	2017-09-24T00:00:00.0000000Z	2017-09-23T00:00:00.0000000Z	7742	351902.04553046	ETC
407	408	10.399	10.71	10.25	10.577	2017-09-25T00:00:00.0000000Z	2017-09-24T00:00:00.0000000Z	7798	216445.59314921	ETC
408	409	11.003	11.149	10.369	10.399	2017-09-26T00:00:00.0000000Z	2017-09-25T00:00:00.0000000Z	8055	285488.33104577	ETC
409	410	11.483	12.189	10.772	11.022	2017-09-27T00:00:00.0000000Z	2017-09-26T00:00:00.0000000Z	14741	450015.57633688	ETC
410	411	12.955	13.3	11.41	11.481	2017-09-28T00:00:00.0000000Z	2017-09-27T00:00:00.0000000Z	19936	725646.18468184	ETC
411	412	13.222	13.95	12.65	12.937	2017-09-29T00:00:00.0000000Z	2017-09-28T00:00:00.0000000Z	18706	690705.13955326	ETC
412	413	12.715	13.743	12.11	13.228	2017-09-30T00:00:00.0000000Z	2017-09-29T00:00:00.0000000Z	11846	527884.0364306	ETC
413	414	13.241	13.6	12.675	12.693	2017-10-01T00:00:00.0000000Z	2017-09-30T00:00:00.0000000Z	8716	241936.6160638	ETC
414	415	12.914	13.253	12.62	13.241	2017-10-02T00:00:00.0000000Z	2017-10-01T00:00:00.0000000Z	6554	171687.20857889	ETC
415	416	12.429	12.997	12.331	12.916	2017-10-03T00:00:00.0000000Z	2017-10-02T00:00:00.0000000Z	5265	166588.95137205	ETC
416	417	12.328	12.537	11.776	12.484	2017-10-04T00:00:00.0000000Z	2017-10-03T00:00:00.0000000Z	5720	147470.17717312	ETC
417	418	11.794	12.396	11.745	12.283	2017-10-05T00:00:00.0000000Z	2017-10-04T00:00:00.0000000Z	6920	159774.5434763	ETC
418	419	11.962	12.109	11.507	11.8	2017-10-06T00:00:00.0000000Z	2017-10-05T00:00:00.0000000Z	4701	114903.61426899	ETC
419	420	12.327	12.417	11.893	11.959	2017-10-07T00:00:00.0000000Z	2017-10-06T00:00:00.0000000Z	6815	103087.37660665	ETC
420	421	12.394	12.586	12.032	12.301	2017-10-08T00:00:00.0000000Z	2017-10-07T00:00:00.0000000Z	6883	151171.81996331	ETC
421	422	12.115	12.581	12.08	12.394	2017-10-09T00:00:00.0000000Z	2017-10-08T00:00:00.0000000Z	6077	117376.50673512	ETC
422	423	11.472	12.19	10.833	12.127	2017-10-10T00:00:00.0000000Z	2017-10-09T00:00:00.0000000Z	10526	199599.4150879	ETC
423	424	11.4	11.69	11.25	11.448	2017-10-11T00:00:00.0000000Z	2017-10-10T00:00:00.0000000Z	11912	182791.66683383	ETC
424	425	11.449	11.539	11.252	11.402	2017-10-12T00:00:00.0000000Z	2017-10-11T00:00:00.0000000Z	4896	115889.37642981	ETC
425	426	11.735	11.99	11.337	11.464	2017-10-13T00:00:00.0000000Z	2017-10-12T00:00:00.0000000Z	10570	287880.95301018	ETC
426	427	12.062	12.399	11.303	11.735	2017-10-14T00:00:00.0000000Z	2017-10-13T00:00:00.0000000Z	12593	389185.20476666	ETC
427	428	12.2	12.515	11.84	12.067	2017-10-15T00:00:00.0000000Z	2017-10-14T00:00:00.0000000Z	6116	160114.26789411	ETC
428	429	11.953	12.5	11.522	12.197	2017-10-16T00:00:00.0000000Z	2017-10-15T00:00:00.0000000Z	8501	184991.10589784	ETC
429	430	11.946	12.21	11.781	11.971	2017-10-17T00:00:00.0000000Z	2017-10-16T00:00:00.0000000Z	6319	162230.08111446	ETC
430	431	11.848	12.478	11.527	11.921	2017-10-18T00:00:00.0000000Z	2017-10-17T00:00:00.0000000Z	8795	270605.13576829	ETC
431	432	11.441	11.832	10.61	11.825	2017-10-19T00:00:00.0000000Z	2017-10-18T00:00:00.0000000Z	7732	276774.3045165	ETC
432	433	11.293	11.502	11.1	11.465	2017-10-20T00:00:00.0000000Z	2017-10-19T00:00:00.0000000Z	5296	130562.03644043	ETC
433	434	11.08	11.498	11.08	11.272	2017-10-21T00:00:00.0000000Z	2017-10-20T00:00:00.0000000Z	6618	179736.55717327	ETC
434	435	10.844	11.266	10.641	11.08	2017-10-22T00:00:00.0000000Z	2017-10-21T00:00:00.0000000Z	3354	132640.03102318	ETC
435	436	10.664	11.199	10.5	10.884	2017-10-23T00:00:00.0000000Z	2017-10-22T00:00:00.0000000Z	4424	149012.1671234	ETC
436	437	10.057	10.664	9.632	10.663	2017-10-24T00:00:00.0000000Z	2017-10-23T00:00:00.0000000Z	6007	572797.85113842	ETC
437	438	10.442	11.11	9.601	10.067	2017-10-25T00:00:00.0000000Z	2017-10-24T00:00:00.0000000Z	8388	398026.08993767	ETC
438	439	10.466	10.599	10.12	10.436	2017-10-26T00:00:00.0000000Z	2017-10-25T00:00:00.0000000Z	5599	172781.40855042	ETC
439	440	10.39	10.677	10.262	10.466	2017-10-27T00:00:00.0000000Z	2017-10-26T00:00:00.0000000Z	3277	99024.19153903	ETC
440	441	10.289	10.65	9.7131	10.393	2017-10-28T00:00:00.0000000Z	2017-10-27T00:00:00.0000000Z	5471	416706.22679884	ETC
441	442	10.369	10.498	9.9	10.295	2017-10-29T00:00:00.0000000Z	2017-10-28T00:00:00.0000000Z	4552	163139.857883	ETC
442	443	10.81	11.168	10.372	10.392	2017-10-30T00:00:00.0000000Z	2017-10-29T00:00:00.0000000Z	7336	260287.5991543	ETC
443	444	10.802	11.0	10.671	10.82	2017-10-31T00:00:00.0000000Z	2017-10-30T00:00:00.0000000Z	3305	97047.39378995	ETC
444	445	10.5	10.887	10.5	10.765	2017-11-01T00:00:00.0000000Z	2017-10-31T00:00:00.0000000Z	3642	159252.84801626	ETC
445	446	10.13	10.614	10.1	10.5	2017-11-02T00:00:00.0000000Z	2017-11-01T00:00:00.0000000Z	3545	216265.05253007	ETC
446	447	9.9888	10.256	9.5	10.13	2017-11-03T00:00:00.0000000Z	2017-11-02T00:00:00.0000000Z	5941	338945.83708026	ETC
447	448	12.277	12.6	9.9402	9.9902	2017-11-04T00:00:00.0000000Z	2017-11-03T00:00:00.0000000Z	12489	885227.12813972	ETC
448	449	11.782	12.52	11.251	12.36	2017-11-05T00:00:00.0000000Z	2017-11-04T00:00:00.0000000Z	12029	693708.71005365	ETC
449	450	13.108	14.24	11.515	11.77	2017-11-06T00:00:00.0000000Z	2017-11-05T00:00:00.0000000Z	25468	1905885.93136309	ETC
450	451	13.834	15.258	12.91	13.124	2017-11-07T00:00:00.0000000Z	2017-11-06T00:00:00.0000000Z	27411	1644256.22904372	ETC
451	452	13.542	14.723	13.137	13.862	2017-11-08T00:00:00.0000000Z	2017-11-07T00:00:00.0000000Z	14468	657620.87539976	ETC
452	453	13.908	14.3	13.5	13.555	2017-11-09T00:00:00.0000000Z	2017-11-08T00:00:00.0000000Z	12660	538696.80837907	ETC
453	454	14.109	14.526	13.753	13.915	2017-11-10T00:00:00.0000000Z	2017-11-09T00:00:00.0000000Z	10342	451139.1955881	ETC
454	455	14.392	15.406	13.492	14.085	2017-11-11T00:00:00.0000000Z	2017-11-10T00:00:00.0000000Z	20619	1221921.09268436	ETC
455	456	19.102	19.475	14.149	14.376	2017-11-12T00:00:00.0000000Z	2017-11-11T00:00:00.0000000Z	42208	2663457.92428369	ETC
456	457	14.538	21.4	13.75	19.159	2017-11-13T00:00:00.0000000Z	2017-11-12T00:00:00.0000000Z	40669	2518364.01448817	ETC
457	458	15.856	16.377	14.11	14.535	2017-11-14T00:00:00.0000000Z	2017-11-13T00:00:00.0000000Z	23105	1025273.72079143	ETC
458	459	17.405	18.4	15.785	15.85	2017-11-15T00:00:00.0000000Z	2017-11-14T00:00:00.0000000Z	21937	1300755.43885529	ETC
459	460	17.16	17.86	16.5	17.405	2017-11-16T00:00:00.0000000Z	2017-11-15T00:00:00.0000000Z	11144	433995.26050124	ETC
460	461	16.815	17.18	16.1	17.16	2017-11-17T00:00:00.0000000Z	2017-11-16T00:00:00.0000000Z	12631	630817.85660478	ETC
461	462	17.092	17.866	16.481	16.815	2017-11-18T00:00:00.0000000Z	2017-11-17T00:00:00.0000000Z	14747	712228.30295505	ETC
462	463	17.615	18.342	16.671	17.091	2017-11-19T00:00:00.0000000Z	2017-11-18T00:00:00.0000000Z	11311	569206.13962183	ETC
463	464	17.964	18.2	17.455	17.62	2017-11-20T00:00:00.0000000Z	2017-11-19T00:00:00.0000000Z	8951	359532.51916589	ETC
464	465	18.505	18.89	17.906	17.966	2017-11-21T00:00:00.0000000Z	2017-11-20T00:00:00.0000000Z	10569	594277.30331868	ETC
465	466	17.615	18.7	16.983	18.505	2017-11-22T00:00:00.0000000Z	2017-11-21T00:00:00.0000000Z	14842	638169.11143173	ETC
466	467	17.961	18.178	17.56	17.614	2017-11-23T00:00:00.0000000Z	2017-11-22T00:00:00.0000000Z	9281	264641.77332177	ETC
467	468	17.929	18.85	17.608	17.986	2017-11-24T00:00:00.0000000Z	2017-11-23T00:00:00.0000000Z	13831	610873.75208034	ETC
468	469	20.93	21.388	17.594	17.923	2017-11-25T00:00:00.0000000Z	2017-11-24T00:00:00.0000000Z	27863	1431800.54094688	ETC
469	470	21.339	22.76	19.957	20.886	2017-11-26T00:00:00.0000000Z	2017-11-25T00:00:00.0000000Z	25956	1232417.2948245	ETC
470	471	21.801	22.0	20.711	21.337	2017-11-27T00:00:00.0000000Z	2017-11-26T00:00:00.0000000Z	16123	567498.27007027	ETC
471	472	24.677	25.84	20.823	21.801	2017-11-28T00:00:00.0000000Z	2017-11-27T00:00:00.0000000Z	43405	2260400.57750081	ETC
472	473	31.4	33.0	24.507	24.607	2017-11-29T00:00:00.0000000Z	2017-11-28T00:00:00.0000000Z	64835	3409410.17837582	ETC
473	474	24.324	31.714	22.22	31.399	2017-11-30T00:00:00.0000000Z	2017-11-29T00:00:00.0000000Z	51619	2180416.00445498	ETC
474	475	26.0	27.0	21.23	24.307	2017-12-01T00:00:00.0000000Z	2017-11-30T00:00:00.0000000Z	40192	1729113.30593944	ETC
475	476	29.765	30.5	24.085	25.958	2017-12-02T00:00:00.0000000Z	2017-12-01T00:00:00.0000000Z	31291	1309593.34691192	ETC
476	477	28.873	30.758	27.7	29.793	2017-12-03T00:00:00.0000000Z	2017-12-02T00:00:00.0000000Z	19022	775216.89209117	ETC
477	478	28.901	31.0	27.187	28.871	2017-12-04T00:00:00.0000000Z	2017-12-03T00:00:00.0000000Z	19233	636641.45648392	ETC
478	479	29.239	29.752	27.31	28.9	2017-12-05T00:00:00.0000000Z	2017-12-04T00:00:00.0000000Z	13875	407747.80449356	ETC
479	480	27.903	29.49	27.75	29.242	2017-12-06T00:00:00.0000000Z	2017-12-05T00:00:00.0000000Z	15542	525426.23112106	ETC
480	481	24.854	28.146	23.703	27.903	2017-12-07T00:00:00.0000000Z	2017-12-06T00:00:00.0000000Z	28421	849881.52328327	ETC
481	482	23.335	27.4	23.133	24.85	2017-12-08T00:00:00.0000000Z	2017-12-07T00:00:00.0000000Z	23839	756513.89386629	ETC
482	483	27.758	27.846	22.077	23.332	2017-12-09T00:00:00.0000000Z	2017-12-08T00:00:00.0000000Z	34323	1246345.3488445	ETC
483	484	27.685	31.277	24.686	27.713	2017-12-10T00:00:00.0000000Z	2017-12-09T00:00:00.0000000Z	37795	1627925.95469724	ETC
484	485	25.239	27.777	23.134	27.62	2017-12-11T00:00:00.0000000Z	2017-12-10T00:00:00.0000000Z	23201	886360.71203526	ETC
485	486	27.252	28.54	25.306	25.42	2017-12-12T00:00:00.0000000Z	2017-12-11T00:00:00.0000000Z	23825	926213.60076353	ETC
486	487	29.781	32.596	26.623	27.173	2017-12-13T00:00:00.0000000Z	2017-12-12T00:00:00.0000000Z	31417	1344509.12007649	ETC
487	488	29.075	34.49	26.184	29.664	2017-12-14T00:00:00.0000000Z	2017-12-13T00:00:00.0000000Z	45003	2056962.73538203	ETC
488	489	31.383	34.18	28.7	29.091	2017-12-15T00:00:00.0000000Z	2017-12-14T00:00:00.0000000Z	37831	1613697.39204923	ETC
489	490	31.5	32.55	26.445	31.343	2017-12-16T00:00:00.0000000Z	2017-12-15T00:00:00.0000000Z	29639	1330142.41419284	ETC
490	491	33.702	37.78	30.211	31.51	2017-12-17T00:00:00.0000000Z	2017-12-16T00:00:00.0000000Z	40794	2026816.54878494	ETC
491	492	33.987	35.9	33.251	33.767	2017-12-18T00:00:00.0000000Z	2017-12-17T00:00:00.0000000Z	19282	741604.59104504	ETC
492	493	38.033	40.7	31.047	33.948	2017-12-19T00:00:00.0000000Z	2017-12-18T00:00:00.0000000Z	47388	2079372.05522246	ETC
493	494	37.418	42.94	35.968	38.0	2017-12-20T00:00:00.0000000Z	2017-12-19T00:00:00.0000000Z	50246	2202755.65268627	ETC
494	495	38.999	41.5	34.134	37.499	2017-12-21T00:00:00.0000000Z	2017-12-20T00:00:00.0000000Z	45121	1868370.84707215	ETC
495	496	37.182	43.0	35.458	38.999	2017-12-22T00:00:00.0000000Z	2017-12-21T00:00:00.0000000Z	35736	1345718.4073821	ETC
496	497	27.094	37.659	15.2	37.181	2017-12-23T00:00:00.0000000Z	2017-12-22T00:00:00.0000000Z	66764	3502199.26257048	ETC
497	498	28.358	31.26	26.58	27.168	2017-12-24T00:00:00.0000000Z	2017-12-23T00:00:00.0000000Z	31351	987938.76026113	ETC
498	499	27.416	28.68	23.404	28.357	2017-12-25T00:00:00.0000000Z	2017-12-24T00:00:00.0000000Z	25417	1004770.01904489	ETC
499	500	28.456	29.384	26.525	27.448	2017-12-26T00:00:00.0000000Z	2017-12-25T00:00:00.0000000Z	17183	515748.77328121	ETC
500	501	29.936	30.495	28.38	28.459	2017-12-27T00:00:00.0000000Z	2017-12-26T00:00:00.0000000Z	15535	514451.2962254	ETC
501	502	28.698	30.757	27.394	29.878	2017-12-28T00:00:00.0000000Z	2017-12-27T00:00:00.0000000Z	15270	541087.2790693	ETC
502	503	26.87	28.969	24.877	28.698	2017-12-29T00:00:00.0000000Z	2017-12-28T00:00:00.0000000Z	18011	565016.6331759	ETC
503	504	27.207	28.678	25.796	26.93	2017-12-30T00:00:00.0000000Z	2017-12-29T00:00:00.0000000Z	14932	559176.55991342	ETC
504	505	23.754	27.319	22.6	27.23	2017-12-31T00:00:00.0000000Z	2017-12-30T00:00:00.0000000Z	23161	842863.74431887	ETC
505	506	25.901	26.55	23.5	23.655	2018-01-01T00:00:00.0000000Z	2017-12-31T00:00:00.0000000Z	12207	413189.74935644	ETC
506	507	29.199	31.75	25.034	25.912	2018-01-02T00:00:00.0000000Z	2018-01-01T00:00:00.0000000Z	31404	1301921.74842068	ETC
507	508	31.803	34.39	29.12	29.199	2018-01-03T00:00:00.0000000Z	2018-01-02T00:00:00.0000000Z	35200	1300527.37648298	ETC
508	509	33.086	33.79	29.831	31.871	2018-01-04T00:00:00.0000000Z	2018-01-03T00:00:00.0000000Z	24464	766530.54055733	ETC
509	510	33.644	37.1	30.7	33.086	2018-01-05T00:00:00.0000000Z	2018-01-04T00:00:00.0000000Z	38852	1446072.31300306	ETC
510	511	31.1	35.287	30.333	33.633	2018-01-06T00:00:00.0000000Z	2018-01-05T00:00:00.0000000Z	31947	1063031.50479352	ETC
511	512	33.948	34.49	30.705	30.922	2018-01-07T00:00:00.0000000Z	2018-01-06T00:00:00.0000000Z	21769	718384.81975933	ETC
512	513	35.401	36.099	33.905	33.957	2018-01-08T00:00:00.0000000Z	2018-01-07T00:00:00.0000000Z	24765	789777.61976658	ETC
513	514	33.711	38.563	28.25	35.365	2018-01-09T00:00:00.0000000Z	2018-01-08T00:00:00.0000000Z	45771	1610398.54105589	ETC
514	515	37.419	38.48	31.029	33.706	2018-01-10T00:00:00.0000000Z	2018-01-09T00:00:00.0000000Z	34167	1087919.73618645	ETC
515	516	36.344	38.75	33.51	37.411	2018-01-11T00:00:00.0000000Z	2018-01-10T00:00:00.0000000Z	44088	1441437.31020519	ETC
516	517	32.4	37.7	29.627	36.343	2018-01-12T00:00:00.0000000Z	2018-01-11T00:00:00.0000000Z	32929	1122169.02888553	ETC
517	518	35.824	36.894	31.011	32.404	2018-01-13T00:00:00.0000000Z	2018-01-12T00:00:00.0000000Z	24177	807951.90985048	ETC
518	519	42.3	42.5	35.022	35.824	2018-01-14T00:00:00.0000000Z	2018-01-13T00:00:00.0000000Z	32358	1360848.39779911	ETC
519	520	42.416	46.98	39.101	42.36	2018-01-15T00:00:00.0000000Z	2018-01-14T00:00:00.0000000Z	47136	2094134.09928635	ETC
520	521	39.927	43.983	39.581	42.416	2018-01-16T00:00:00.0000000Z	2018-01-15T00:00:00.0000000Z	26654	895697.05663734	ETC
521	522	27.674	40.248	22.2	40.096	2018-01-17T00:00:00.0000000Z	2018-01-16T00:00:00.0000000Z	52368	2678402.02560842	ETC
522	523	28.912	30.198	22.001	27.674	2018-01-18T00:00:00.0000000Z	2018-01-17T00:00:00.0000000Z	42868	1882940.33848414	ETC
523	524	29.44	32.55	27.426	28.986	2018-01-19T00:00:00.0000000Z	2018-01-18T00:00:00.0000000Z	29582	1334184.96845444	ETC
524	525	31.65	34.0	28.152	29.376	2018-01-20T00:00:00.0000000Z	2018-01-19T00:00:00.0000000Z	24845	939265.62472075	ETC
525	526	34.899	35.5	31.463	31.65	2018-01-21T00:00:00.0000000Z	2018-01-20T00:00:00.0000000Z	21375	707661.6550338	ETC
526	527	30.284	36.0	28.685	34.93	2018-01-22T00:00:00.0000000Z	2018-01-21T00:00:00.0000000Z	22504	867469.54392955	ETC
527	528	29.086	32.695	26.443	30.285	2018-01-23T00:00:00.0000000Z	2018-01-22T00:00:00.0000000Z	21711	822382.51064957	ETC
528	529	28.142	30.481	25.964	29.01	2018-01-24T00:00:00.0000000Z	2018-01-23T00:00:00.0000000Z	18828	726098.88400253	ETC
529	530	29.641	30.362	27.642	28.201	2018-01-25T00:00:00.0000000Z	2018-01-24T00:00:00.0000000Z	12570	426373.28741182	ETC
530	531	29.0	30.299	28.562	29.692	2018-01-26T00:00:00.0000000Z	2018-01-25T00:00:00.0000000Z	10272	299724.30078647	ETC
531	532	28.681	29.604	26.464	28.932	2018-01-27T00:00:00.0000000Z	2018-01-26T00:00:00.0000000Z	15818	463696.0397559	ETC
532	533	29.6	30.25	28.012	28.639	2018-01-28T00:00:00.0000000Z	2018-01-27T00:00:00.0000000Z	9606	313815.26509159	ETC
533	534	32.43	33.97	29.454	29.662	2018-01-29T00:00:00.0000000Z	2018-01-28T00:00:00.0000000Z	17008	572171.79223298	ETC
534	535	31.206	33.247	30.269	32.467	2018-01-30T00:00:00.0000000Z	2018-01-29T00:00:00.0000000Z	13379	396633.7619753	ETC
535	536	27.116	31.301	26.602	31.175	2018-01-31T00:00:00.0000000Z	2018-01-30T00:00:00.0000000Z	18079	766873.46445453	ETC
536	537	28.827	28.83	25.976	27.115	2018-02-01T00:00:00.0000000Z	2018-01-31T00:00:00.0000000Z	15560	517362.16778078	ETC
537	538	25.02	28.89	23.81	28.763	2018-02-02T00:00:00.0000000Z	2018-02-01T00:00:00.0000000Z	15471	590148.2107846	ETC
538	539	23.208	25.107	18.674	25.013	2018-02-03T00:00:00.0000000Z	2018-02-02T00:00:00.0000000Z	14169	489145.8708076	ETC
539	540	24.287	25.037	20.676	23.195	2018-02-04T00:00:00.0000000Z	2018-02-03T00:00:00.0000000Z	14999	491752.53943688	ETC
540	541	20.776	24.886	19.438	24.353	2018-02-05T00:00:00.0000000Z	2018-02-04T00:00:00.0000000Z	16104	541015.62049953	ETC
541	542	16.547	21.27	15.6	20.792	2018-02-06T00:00:00.0000000Z	2018-02-05T00:00:00.0000000Z	18310	856890.49123305	ETC
542	543	19.107	19.354	14.0	16.545	2018-02-07T00:00:00.0000000Z	2018-02-06T00:00:00.0000000Z	27859	1300461.77575879	ETC
543	544	18.11	20.388	17.244	19.104	2018-02-08T00:00:00.0000000Z	2018-02-07T00:00:00.0000000Z	15841	595253.21830013	ETC
544	545	21.731	21.988	18.083	18.123	2018-02-09T00:00:00.0000000Z	2018-02-08T00:00:00.0000000Z	13656	541251.46592412	ETC
545	546	25.7	26.25	20.793	21.686	2018-02-10T00:00:00.0000000Z	2018-02-09T00:00:00.0000000Z	23153	941547.9805737	ETC
546	547	24.052	26.25	22.429	25.744	2018-02-11T00:00:00.0000000Z	2018-02-10T00:00:00.0000000Z	18194	749202.52114531	ETC
547	548	23.73	25.8	21.003	24.051	2018-02-12T00:00:00.0000000Z	2018-02-11T00:00:00.0000000Z	23456	1085783.80388006	ETC
548	549	29.484	29.99	23.732	23.791	2018-02-13T00:00:00.0000000Z	2018-02-12T00:00:00.0000000Z	30118	1524411.58997911	ETC
549	550	33.157	34.156	27.777	29.519	2018-02-14T00:00:00.0000000Z	2018-02-13T00:00:00.0000000Z	53305	2559384.45164522	ETC
550	551	34.645	35.9	32.6	33.157	2018-02-15T00:00:00.0000000Z	2018-02-14T00:00:00.0000000Z	44865	2028799.67328495	ETC
551	552	33.672	35.274	31.97	34.648	2018-02-16T00:00:00.0000000Z	2018-02-15T00:00:00.0000000Z	29527	1073572.83085638	ETC
552	553	34.622	34.94	32.133	33.672	2018-02-17T00:00:00.0000000Z	2018-02-16T00:00:00.0000000Z	19370	660352.04157093	ETC
553	554	34.658	34.999	33.771	34.62	2018-02-18T00:00:00.0000000Z	2018-02-17T00:00:00.0000000Z	14704	490117.92764631	ETC
554	555	34.268	34.723	30.611	34.664	2018-02-19T00:00:00.0000000Z	2018-02-18T00:00:00.0000000Z	23955	895965.47114545	ETC
555	556	38.376	39.8	33.0	34.27	2018-02-20T00:00:00.0000000Z	2018-02-19T00:00:00.0000000Z	41306	1985821.78838431	ETC
556	557	36.58	42.849	35.822	38.413	2018-02-21T00:00:00.0000000Z	2018-02-20T00:00:00.0000000Z	48971	2108873.86200865	ETC
557	558	34.403	38.44	32.877	36.577	2018-02-22T00:00:00.0000000Z	2018-02-21T00:00:00.0000000Z	45275	1854943.67548087	ETC
558	559	31.316	35.888	29.956	34.401	2018-02-23T00:00:00.0000000Z	2018-02-22T00:00:00.0000000Z	38762	1806330.03601585	ETC
559	560	36.06	36.65	30.18	31.238	2018-02-24T00:00:00.0000000Z	2018-02-23T00:00:00.0000000Z	39328	1730116.82196162	ETC
560	561	36.659	38.9	34.5	36.056	2018-02-25T00:00:00.0000000Z	2018-02-24T00:00:00.0000000Z	43644	1820400.83679567	ETC
561	562	35.066	36.967	33.298	36.65	2018-02-26T00:00:00.0000000Z	2018-02-25T00:00:00.0000000Z	23210	894428.57258571	ETC
562	563	35.196	36.371	33.39	35.116	2018-02-27T00:00:00.0000000Z	2018-02-26T00:00:00.0000000Z	22221	793764.51694168	ETC
563	564	35.591	37.199	34.65	35.272	2018-02-28T00:00:00.0000000Z	2018-02-27T00:00:00.0000000Z	18256	806022.88117049	ETC
564	565	33.269	36.272	32.714	35.555	2018-03-01T00:00:00.0000000Z	2018-02-28T00:00:00.0000000Z	18931	793673.97769218	ETC
565	566	33.467	34.798	31.412	33.255	2018-03-02T00:00:00.0000000Z	2018-03-01T00:00:00.0000000Z	20185	800639.23127821	ETC
566	567	30.42	33.908	30.0	33.467	2018-03-03T00:00:00.0000000Z	2018-03-02T00:00:00.0000000Z	26956	1148275.44380565	ETC
567	568	28.815	31.846	28.314	30.42	2018-03-04T00:00:00.0000000Z	2018-03-03T00:00:00.0000000Z	31444	1433606.8440287	ETC
568	569	29.504	31.096	28.38	28.739	2018-03-05T00:00:00.0000000Z	2018-03-04T00:00:00.0000000Z	26061	1158688.82972721	ETC
569	570	26.497	30.209	26.312	29.505	2018-03-06T00:00:00.0000000Z	2018-03-05T00:00:00.0000000Z	33811	1557787.13204071	ETC
570	571	24.774	27.264	24.537	26.481	2018-03-07T00:00:00.0000000Z	2018-03-06T00:00:00.0000000Z	23676	1003467.4950257	ETC
571	572	21.834	25.25	20.256	24.725	2018-03-08T00:00:00.0000000Z	2018-03-07T00:00:00.0000000Z	34607	1832372.78896661	ETC
572	573	22.2	24.88	20.828	21.874	2018-03-09T00:00:00.0000000Z	2018-03-08T00:00:00.0000000Z	42099	2166564.34759777	ETC
573	574	22.002	22.856	20.01	22.245	2018-03-10T00:00:00.0000000Z	2018-03-09T00:00:00.0000000Z	46697	2374206.56225021	ETC
574	575	20.651	22.749	20.391	22.013	2018-03-11T00:00:00.0000000Z	2018-03-10T00:00:00.0000000Z	20901	898404.04714264	ETC
575	576	21.371	21.778	19.6	20.668	2018-03-12T00:00:00.0000000Z	2018-03-11T00:00:00.0000000Z	20255	941315.04451695	ETC
576	577	20.32	21.724	19.801	21.402	2018-03-13T00:00:00.0000000Z	2018-03-12T00:00:00.0000000Z	12188	453792.92261801	ETC
577	578	19.821	20.819	19.44	20.301	2018-03-14T00:00:00.0000000Z	2018-03-13T00:00:00.0000000Z	14510	522171.78132697	ETC
578	579	17.027	20.526	15.885	19.836	2018-03-15T00:00:00.0000000Z	2018-03-14T00:00:00.0000000Z	20588	1020259.2124299	ETC
579	580	18.298	19.652	15.7	17.047	2018-03-16T00:00:00.0000000Z	2018-03-15T00:00:00.0000000Z	34685	1777485.28255359	ETC
580	581	17.594	18.5	17.105	18.288	2018-03-17T00:00:00.0000000Z	2018-03-16T00:00:00.0000000Z	19755	850905.60137514	ETC
581	582	16.068	17.942	15.979	17.598	2018-03-18T00:00:00.0000000Z	2018-03-17T00:00:00.0000000Z	14276	608085.32780294	ETC
582	583	16.698	17.199	14.34	16.049	2018-03-19T00:00:00.0000000Z	2018-03-18T00:00:00.0000000Z	26279	1412042.98724851	ETC
583	584	19.49	19.527	16.2	16.733	2018-03-20T00:00:00.0000000Z	2018-03-19T00:00:00.0000000Z	25065	1311006.48577162	ETC
584	585	20.027	20.979	17.764	19.489	2018-03-21T00:00:00.0000000Z	2018-03-20T00:00:00.0000000Z	31270	1568841.4817946	ETC
585	586	19.539	21.458	19.006	20.027	2018-03-22T00:00:00.0000000Z	2018-03-21T00:00:00.0000000Z	17913	887743.81247007	ETC
586	587	19.54	20.651	18.301	19.54	2018-03-23T00:00:00.0000000Z	2018-03-22T00:00:00.0000000Z	19702	870451.91736148	ETC
587	588	19.142	19.595	17.858	19.51	2018-03-24T00:00:00.0000000Z	2018-03-23T00:00:00.0000000Z	20526	809634.17635456	ETC
588	589	18.328	19.333	18.185	19.144	2018-03-25T00:00:00.0000000Z	2018-03-24T00:00:00.0000000Z	12830	541144.82927504	ETC
589	590	17.997	18.524	17.806	18.299	2018-03-26T00:00:00.0000000Z	2018-03-25T00:00:00.0000000Z	8135	324084.10737609	ETC
590	591	16.303	18.064	15.325	18.016	2018-03-27T00:00:00.0000000Z	2018-03-26T00:00:00.0000000Z	22538	1084235.44729713	ETC
591	592	15.819	17.2	15.192	16.279	2018-03-28T00:00:00.0000000Z	2018-03-27T00:00:00.0000000Z	19258	936550.34094772	ETC
592	593	16.049	16.793	15.65	15.773	2018-03-29T00:00:00.0000000Z	2018-03-28T00:00:00.0000000Z	11475	420654.5337619	ETC
593	594	14.706	16.127	14.489	16.036	2018-03-30T00:00:00.0000000Z	2018-03-29T00:00:00.0000000Z	21134	839065.33927912	ETC
594	595	14.354	15.153	13.761	14.717	2018-03-31T00:00:00.0000000Z	2018-03-30T00:00:00.0000000Z	23968	919562.85415789	ETC
595	596	14.31	14.876	14.187	14.379	2018-04-01T00:00:00.0000000Z	2018-03-31T00:00:00.0000000Z	8797	333559.88339723	ETC
596	597	13.555	14.535	13.046	14.307	2018-04-02T00:00:00.0000000Z	2018-04-01T00:00:00.0000000Z	11767	527412.66042472	ETC
597	598	14.089	14.28	13.445	13.56	2018-04-03T00:00:00.0000000Z	2018-04-02T00:00:00.0000000Z	6749	291328.49689938	ETC
598	599	15.054	15.268	13.916	14.079	2018-04-04T00:00:00.0000000Z	2018-04-03T00:00:00.0000000Z	11691	541017.13175883	ETC
599	600	13.554	15.036	13.256	15.036	2018-04-05T00:00:00.0000000Z	2018-04-04T00:00:00.0000000Z	11316	505895.3866617	ETC
600	601	13.65	13.849	13.13	13.545	2018-04-06T00:00:00.0000000Z	2018-04-05T00:00:00.0000000Z	10170	380919.02126	ETC
601	602	13.094	13.83	13.0	13.659	2018-04-07T00:00:00.0000000Z	2018-04-06T00:00:00.0000000Z	9047	330573.39044426	ETC
602	603	13.429	13.822	13.084	13.118	2018-04-08T00:00:00.0000000Z	2018-04-07T00:00:00.0000000Z	5501	219994.93369361	ETC
603	604	14.118	14.51	13.344	13.424	2018-04-09T00:00:00.0000000Z	2018-04-08T00:00:00.0000000Z	6138	301585.68443798	ETC
604	605	13.596	14.56	13.164	14.097	2018-04-10T00:00:00.0000000Z	2018-04-09T00:00:00.0000000Z	7566	329386.17212976	ETC
605	606	13.69	13.828	13.248	13.615	2018-04-11T00:00:00.0000000Z	2018-04-10T00:00:00.0000000Z	4862	201706.83829917	ETC
606	607	14.583	14.739	13.59	13.702	2018-04-12T00:00:00.0000000Z	2018-04-11T00:00:00.0000000Z	6584	372470.66615847	ETC
607	608	16.151	16.452	13.7	14.583	2018-04-13T00:00:00.0000000Z	2018-04-12T00:00:00.0000000Z	22141	1213340.48393754	ETC
608	609	15.586	16.773	15.469	16.161	2018-04-14T00:00:00.0000000Z	2018-04-13T00:00:00.0000000Z	21971	1004659.60547039	ETC
609	610	16.097	16.5	15.452	15.61	2018-04-15T00:00:00.0000000Z	2018-04-14T00:00:00.0000000Z	9446	448780.61363266	ETC
610	611	16.851	16.961	16.049	16.057	2018-04-16T00:00:00.0000000Z	2018-04-15T00:00:00.0000000Z	7613	380049.65976812	ETC
611	612	16.171	16.984	15.558	16.851	2018-04-17T00:00:00.0000000Z	2018-04-16T00:00:00.0000000Z	8713	477694.2561373	ETC
612	613	16.04	16.941	15.947	16.152	2018-04-18T00:00:00.0000000Z	2018-04-17T00:00:00.0000000Z	9148	516055.57501176	ETC
613	614	17.654	17.886	16.02	16.048	2018-04-19T00:00:00.0000000Z	2018-04-18T00:00:00.0000000Z	14099	695869.92281416	ETC
614	615	18.39	18.474	17.413	17.659	2018-04-20T00:00:00.0000000Z	2018-04-19T00:00:00.0000000Z	10768	514580.00017646	ETC
615	616	19.646	19.947	17.875	18.39	2018-04-21T00:00:00.0000000Z	2018-04-20T00:00:00.0000000Z	21488	1206002.34260651	ETC
616	617	18.678	19.998	17.512	19.615	2018-04-22T00:00:00.0000000Z	2018-04-21T00:00:00.0000000Z	18740	1093823.57662687	ETC
617	618	18.717	19.474	18.25	18.676	2018-04-23T00:00:00.0000000Z	2018-04-22T00:00:00.0000000Z	9094	390802.72163442	ETC
618	619	20.448	20.9	18.657	18.73	2018-04-24T00:00:00.0000000Z	2018-04-23T00:00:00.0000000Z	19311	1239852.8188844	ETC
619	620	22.031	22.88	20.37	20.449	2018-04-25T00:00:00.0000000Z	2018-04-24T00:00:00.0000000Z	22762	1262555.2242496	ETC
620	621	18.609	22.121	17.873	22.051	2018-04-26T00:00:00.0000000Z	2018-04-25T00:00:00.0000000Z	39115	2668631.83368003	ETC
621	622	21.06	21.621	18.109	18.629	2018-04-27T00:00:00.0000000Z	2018-04-26T00:00:00.0000000Z	22428	1253928.6347798	ETC
622	623	20.639	21.98	20.023	21.061	2018-04-28T00:00:00.0000000Z	2018-04-27T00:00:00.0000000Z	22265	1332359.85793791	ETC
623	624	21.692	22.478	20.42	20.584	2018-04-29T00:00:00.0000000Z	2018-04-28T00:00:00.0000000Z	15764	865170.64266904	ETC
624	625	21.792	22.4	20.331	21.696	2018-04-30T00:00:00.0000000Z	2018-04-29T00:00:00.0000000Z	14553	816145.21409761	ETC
625	626	21.8	22.998	21.2	21.825	2018-05-01T00:00:00.0000000Z	2018-04-30T00:00:00.0000000Z	23455	1253648.04187214	ETC
626	627	21.49	21.8	20.382	21.8	2018-05-02T00:00:00.0000000Z	2018-05-01T00:00:00.0000000Z	18337	834064.4523301	ETC
627	628	21.621	21.919	21.0	21.539	2018-05-03T00:00:00.0000000Z	2018-05-02T00:00:00.0000000Z	9022	368759.25583744	ETC
628	629	22.741	23.5	21.428	21.623	2018-05-04T00:00:00.0000000Z	2018-05-03T00:00:00.0000000Z	27900	1580852.38774888	ETC
629	630	22.392	22.741	21.627	22.731	2018-05-05T00:00:00.0000000Z	2018-05-04T00:00:00.0000000Z	17111	1006630.37774283	ETC
630	631	22.782	23.242	22.311	22.393	2018-05-06T00:00:00.0000000Z	2018-05-05T00:00:00.0000000Z	11008	605418.68758507	ETC
631	632	25.319	25.74	22.764	22.77	2018-05-07T00:00:00.0000000Z	2018-05-06T00:00:00.0000000Z	28392	1940206.37006329	ETC
632	633	23.519	25.42	22.308	25.323	2018-05-08T00:00:00.0000000Z	2018-05-07T00:00:00.0000000Z	21196	1165747.84030441	ETC
633	634	22.282	23.776	21.789	23.519	2018-05-09T00:00:00.0000000Z	2018-05-08T00:00:00.0000000Z	10634	573431.69881644	ETC
634	635	21.415	22.34	20.151	22.294	2018-05-10T00:00:00.0000000Z	2018-05-09T00:00:00.0000000Z	17148	1009559.04921852	ETC
635	636	19.6	21.715	19.501	21.38	2018-05-11T00:00:00.0000000Z	2018-05-10T00:00:00.0000000Z	14031	921736.44120908	ETC
636	637	17.698	19.75	16.7	19.601	2018-05-12T00:00:00.0000000Z	2018-05-11T00:00:00.0000000Z	29858	2015919.35799492	ETC
637	638	18.065	18.555	16.327	17.709	2018-05-13T00:00:00.0000000Z	2018-05-12T00:00:00.0000000Z	15988	853599.82905221	ETC
638	639	18.706	19.099	17.61	18.05	2018-05-14T00:00:00.0000000Z	2018-05-13T00:00:00.0000000Z	9805	553772.41622155	ETC
639	640	18.7	19.2	17.325	18.706	2018-05-15T00:00:00.0000000Z	2018-05-14T00:00:00.0000000Z	12628	697264.32023736	ETC
640	641	18.096	19.899	18.046	18.713	2018-05-16T00:00:00.0000000Z	2018-05-15T00:00:00.0000000Z	12712	693991.94971609	ETC
641	642	17.637	18.257	16.779	18.053	2018-05-17T00:00:00.0000000Z	2018-05-16T00:00:00.0000000Z	12808	691581.18418753	ETC
642	643	16.854	18.327	16.55	17.64	2018-05-18T00:00:00.0000000Z	2018-05-17T00:00:00.0000000Z	10367	456384.4768835	ETC
643	644	18.012	18.192	16.52	16.842	2018-05-19T00:00:00.0000000Z	2018-05-18T00:00:00.0000000Z	10028	397465.77571349	ETC
644	645	17.686	18.1	17.411	18.002	2018-05-20T00:00:00.0000000Z	2018-05-19T00:00:00.0000000Z	5402	224097.16752846	ETC
645	646	18.184	18.327	17.47	17.686	2018-05-21T00:00:00.0000000Z	2018-05-20T00:00:00.0000000Z	6250	248324.87567575	ETC
646	647	17.568	18.264	17.34	18.191	2018-05-22T00:00:00.0000000Z	2018-05-21T00:00:00.0000000Z	4953	194901.73035253	ETC
647	648	16.292	17.671	16.219	17.574	2018-05-23T00:00:00.0000000Z	2018-05-22T00:00:00.0000000Z	7782	390451.20798678	ETC
648	649	14.792	16.532	14.424	16.304	2018-05-24T00:00:00.0000000Z	2018-05-23T00:00:00.0000000Z	12874	688481.6097387	ETC
649	650	15.733	15.761	14.227	14.787	2018-05-25T00:00:00.0000000Z	2018-05-24T00:00:00.0000000Z	10121	573712.92615125	ETC
650	651	15.136	15.742	14.717	15.706	2018-05-26T00:00:00.0000000Z	2018-05-25T00:00:00.0000000Z	7641	325443.94490213	ETC
651	652	15.257	15.799	15.0	15.134	2018-05-27T00:00:00.0000000Z	2018-05-26T00:00:00.0000000Z	5935	268861.98914043	ETC
652	653	15.153	15.414	14.895	15.257	2018-05-28T00:00:00.0000000Z	2018-05-27T00:00:00.0000000Z	4707	186910.29550417	ETC
653	654	14.273	15.6	14.11	15.16	2018-05-29T00:00:00.0000000Z	2018-05-28T00:00:00.0000000Z	9225	450875.67184278	ETC
654	655	15.183	15.486	14.057	14.297	2018-05-30T00:00:00.0000000Z	2018-05-29T00:00:00.0000000Z	8558	393630.55203196	ETC
655	656	15.153	15.563	14.692	15.208	2018-05-31T00:00:00.0000000Z	2018-05-30T00:00:00.0000000Z	5628	313515.73253996	ETC
656	657	15.305	15.631	15.0	15.152	2018-06-01T00:00:00.0000000Z	2018-05-31T00:00:00.0000000Z	4714	285778.48476571	ETC
657	658	15.485	15.526	15.08	15.292	2018-06-02T00:00:00.0000000Z	2018-06-01T00:00:00.0000000Z	7253	233858.12346001	ETC
658	659	15.846	16.15	15.299	15.486	2018-06-03T00:00:00.0000000Z	2018-06-02T00:00:00.0000000Z	6470	351155.13716205	ETC
